epoch,time,train/box_loss,train/cls_loss,train/dfl_loss,metrics/precision(B),metrics/recall(B),metrics/mAP50(B),metrics/mAP50-95(B),val/box_loss,val/cls_loss,val/dfl_loss,lr/pg0,lr/pg1,lr/pg2
1,218.613,2.20124,1.87502,1.00148,0.77036,0.6145,0.70639,0.3299,1.84902,1.97696,0.94031,0.00333139,0.00333139,0.00333139
2,430.202,2.03726,1.30372,0.95314,0.76205,0.64945,0.72512,0.35126,1.81037,1.51112,0.93317,0.00665813,0.00665813,0.00665813
3,636.346,2.06514,1.23307,0.95456,0.82238,0.64032,0.74618,0.36509,1.79845,1.36573,0.93067,0.00997826,0.00997826,0.00997826
4,837.338,2.0147,1.1742,0.95325,0.81671,0.6594,0.76099,0.37488,1.77497,1.2895,0.93116,0.0099703,0.0099703,0.0099703
5,1038.77,1.9312,1.0803,0.93953,0.82582,0.68339,0.77895,0.40611,1.67026,1.21192,0.91033,0.0099604,0.0099604,0.0099604
6,1242.54,1.86719,1.02381,0.92642,0.84932,0.69579,0.79047,0.41935,1.66084,1.16672,0.90671,0.0099505,0.0099505,0.0099505
7,1440.25,1.81855,0.99287,0.9231,0.86373,0.71146,0.81204,0.4403,1.61218,1.10563,0.89994,0.0099406,0.0099406,0.0099406
8,1640.25,1.76572,0.94502,0.91187,0.84105,0.71432,0.81347,0.42867,1.64783,1.07507,0.8972,0.0099307,0.0099307,0.0099307
9,1846.43,1.74758,0.91968,0.90809,0.867,0.7117,0.81277,0.44431,1.58607,1.20103,0.8907,0.0099208,0.0099208,0.0099208
10,2044.84,1.70998,0.90565,0.9047,0.86144,0.71263,0.81639,0.44812,1.60897,1.03451,0.89665,0.0099109,0.0099109,0.0099109
11,2244.35,1.70712,0.89372,0.90313,0.87622,0.73504,0.83326,0.46564,1.54668,1.12915,0.89097,0.009901,0.009901,0.009901
12,2452.1,1.67825,0.87106,0.89753,0.87196,0.73234,0.82996,0.46904,1.54483,1.00998,0.89006,0.0098911,0.0098911,0.0098911
13,2655.28,1.67176,0.87605,0.89712,0.87894,0.74826,0.83394,0.47437,1.5391,1.04232,0.8872,0.0098812,0.0098812,0.0098812
14,2854.75,1.65955,0.86701,0.89723,0.87186,0.7261,0.82762,0.46034,1.55406,1.01135,0.88911,0.0098713,0.0098713,0.0098713
15,3050.79,1.63899,0.85212,0.89557,0.87686,0.75739,0.84196,0.48018,1.50022,0.94211,0.8826,0.0098614,0.0098614,0.0098614
16,3249.64,1.62624,0.84081,0.89053,0.86728,0.75726,0.84476,0.47218,1.52804,0.98407,0.8802,0.0098515,0.0098515,0.0098515
17,3447.88,1.61342,0.83105,0.88899,0.89665,0.7593,0.85899,0.49602,1.45288,0.96176,0.87302,0.0098416,0.0098416,0.0098416
18,3657.77,1.58461,0.81222,0.88817,0.89079,0.75822,0.85282,0.48475,1.4937,0.98497,0.88063,0.0098317,0.0098317,0.0098317
19,3861.22,1.58867,0.81882,0.88597,0.86455,0.74935,0.83839,0.46895,1.52056,1.2611,0.88398,0.0098218,0.0098218,0.0098218
20,4066.12,1.57653,0.80609,0.88653,0.89863,0.75589,0.85772,0.50099,1.46064,0.94438,0.87271,0.0098119,0.0098119,0.0098119
21,4267.9,1.58687,0.81465,0.88622,0.88708,0.75467,0.85581,0.49181,1.47138,1.05188,0.87354,0.009802,0.009802,0.009802
22,4467.56,1.55804,0.79426,0.88373,0.89779,0.75182,0.85624,0.49729,1.45358,0.89669,0.87313,0.0097921,0.0097921,0.0097921
23,4668.97,1.56359,0.79922,0.88418,0.8918,0.76952,0.85926,0.50431,1.43127,0.94084,0.8725,0.0097822,0.0097822,0.0097822
24,4868.8,1.54714,0.79516,0.88271,0.9016,0.76939,0.8713,0.51322,1.41183,0.88547,0.86466,0.0097723,0.0097723,0.0097723
25,5073.51,1.54147,0.78437,0.88214,0.88347,0.77797,0.86595,0.50443,1.42141,0.88925,0.86738,0.0097624,0.0097624,0.0097624
26,5272.8,1.53972,0.78075,0.87973,0.89016,0.78002,0.86772,0.51147,1.40951,0.90977,0.86766,0.0097525,0.0097525,0.0097525
27,5476.96,1.5363,0.77375,0.87884,0.89181,0.76845,0.86256,0.50586,1.40989,1.02185,0.86488,0.0097426,0.0097426,0.0097426
28,5683.17,1.52905,0.77442,0.87537,0.9027,0.78271,0.87393,0.52045,1.38117,1.09015,0.86139,0.0097327,0.0097327,0.0097327
29,5886.1,1.51967,0.7645,0.8757,0.89555,0.79488,0.88165,0.5173,1.39876,0.9391,0.86241,0.0097228,0.0097228,0.0097228
30,6089.35,1.52509,0.76656,0.87805,0.90334,0.77447,0.87311,0.51823,1.38298,0.90786,0.86574,0.0097129,0.0097129,0.0097129
31,6291.64,1.50504,0.7513,0.87628,0.89291,0.76939,0.87018,0.51509,1.38865,0.9548,0.86256,0.009703,0.009703,0.009703
32,6490.97,1.51369,0.7558,0.88019,0.90099,0.77866,0.87352,0.51623,1.40612,0.88901,0.86753,0.0096931,0.0096931,0.0096931
33,6693.28,1.50495,0.74867,0.87401,0.90551,0.7889,0.88147,0.52699,1.38208,0.84229,0.85943,0.0096832,0.0096832,0.0096832
34,6897.89,1.49843,0.75045,0.87547,0.90618,0.78328,0.88192,0.53255,1.35647,0.84797,0.85857,0.0096733,0.0096733,0.0096733
35,7100.65,1.49451,0.74899,0.87199,0.90162,0.79092,0.88375,0.52909,1.35499,0.87333,0.85826,0.0096634,0.0096634,0.0096634
36,7299,1.50042,0.74552,0.87532,0.90124,0.78506,0.88366,0.52738,1.35444,0.86462,0.85884,0.0096535,0.0096535,0.0096535
37,7497.1,1.49103,0.74118,0.87137,0.8966,0.79978,0.88384,0.53759,1.35415,0.88137,0.85859,0.0096436,0.0096436,0.0096436
38,7700.71,1.49185,0.74032,0.8733,0.91056,0.79079,0.88593,0.52798,1.37117,0.83818,0.86077,0.0096337,0.0096337,0.0096337
39,7902.63,1.47641,0.74155,0.87373,0.90354,0.80196,0.88792,0.53243,1.34788,0.86746,0.85679,0.0096238,0.0096238,0.0096238
40,8107.39,1.48189,0.73569,0.87308,0.90525,0.79566,0.88588,0.53645,1.34523,0.85708,0.8552,0.0096139,0.0096139,0.0096139
41,8307.92,1.47967,0.73619,0.87148,0.9108,0.79047,0.88467,0.53838,1.32211,0.8139,0.8522,0.009604,0.009604,0.009604
42,8503.4,1.474,0.72974,0.87171,0.90343,0.79817,0.88443,0.53107,1.32363,0.84752,0.85666,0.0095941,0.0095941,0.0095941
43,8709.18,1.474,0.7314,0.87232,0.89899,0.7945,0.88382,0.5353,1.3355,0.81284,0.85505,0.0095842,0.0095842,0.0095842
44,8911.44,1.45681,0.72243,0.86877,0.90692,0.80077,0.8877,0.53776,1.3357,0.77421,0.85558,0.0095743,0.0095743,0.0095743
45,9117.96,1.46422,0.72197,0.86928,0.91163,0.79584,0.88958,0.5476,1.30818,0.77876,0.85187,0.0095644,0.0095644,0.0095644
46,9320.1,1.47268,0.72442,0.86769,0.90953,0.80707,0.89182,0.54616,1.30646,0.80439,0.85145,0.0095545,0.0095545,0.0095545
47,9520.39,1.45109,0.71165,0.86759,0.90557,0.80551,0.89102,0.54808,1.31447,0.82585,0.85136,0.0095446,0.0095446,0.0095446
48,9718.64,1.45311,0.71158,0.86913,0.90774,0.81205,0.89598,0.54995,1.29834,0.84179,0.8499,0.0095347,0.0095347,0.0095347
49,9918.26,1.46676,0.72478,0.86744,0.91057,0.81096,0.89863,0.54704,1.316,0.81863,0.85203,0.0095248,0.0095248,0.0095248
50,10124.7,1.4507,0.71418,0.86911,0.90797,0.79468,0.88825,0.54019,1.31547,0.88381,0.85432,0.0095149,0.0095149,0.0095149
51,10321.4,1.45204,0.71715,0.86884,0.90327,0.81137,0.89479,0.54822,1.29389,0.79632,0.85071,0.009505,0.009505,0.009505
52,10518.6,1.44699,0.71272,0.86904,0.91146,0.80864,0.89484,0.54495,1.30883,0.88848,0.85167,0.0094951,0.0094951,0.0094951
53,10712.9,1.44803,0.7208,0.86743,0.90244,0.79569,0.88712,0.54431,1.32453,0.82717,0.85439,0.0094852,0.0094852,0.0094852
54,10909.1,1.4425,0.71326,0.86992,0.90936,0.81496,0.90045,0.55251,1.30457,0.80726,0.85256,0.0094753,0.0094753,0.0094753
55,11107.8,1.44066,0.70995,0.86723,0.918,0.81082,0.90046,0.55929,1.2989,0.82853,0.85135,0.0094654,0.0094654,0.0094654
56,11310.8,1.4335,0.70153,0.86532,0.91409,0.81954,0.90172,0.55181,1.2892,0.8271,0.85046,0.0094555,0.0094555,0.0094555
57,11513.7,1.44278,0.70905,0.86764,0.91063,0.81041,0.8977,0.5499,1.30002,0.80514,0.85179,0.0094456,0.0094456,0.0094456
58,11714.1,1.44506,0.71206,0.8666,0.92703,0.81123,0.90456,0.56315,1.27347,0.78809,0.84594,0.0094357,0.0094357,0.0094357
59,11910.5,1.43121,0.70206,0.86652,0.91527,0.81413,0.9037,0.55639,1.30801,0.79476,0.84937,0.0094258,0.0094258,0.0094258
60,12109.7,1.43781,0.7044,0.86534,0.91593,0.82112,0.90565,0.55972,1.29722,0.75814,0.85269,0.0094159,0.0094159,0.0094159
61,12309.4,1.43494,0.70274,0.86534,0.91346,0.81861,0.9013,0.56015,1.27119,0.78909,0.84616,0.009406,0.009406,0.009406
62,12516.9,1.4233,0.69766,0.8634,0.91955,0.81792,0.90392,0.56055,1.27354,0.79983,0.84941,0.0093961,0.0093961,0.0093961
63,12727.6,1.43359,0.70552,0.86796,0.91101,0.82182,0.9022,0.56162,1.27402,0.75796,0.84841,0.0093862,0.0093862,0.0093862
64,12927.3,1.42917,0.70127,0.86566,0.91507,0.80387,0.89351,0.55148,1.28746,0.77182,0.84964,0.0093763,0.0093763,0.0093763
65,13127.6,1.42849,0.70214,0.86631,0.92476,0.8192,0.90503,0.56621,1.2597,0.75197,0.84513,0.0093664,0.0093664,0.0093664
66,13329.5,1.41051,0.68886,0.86442,0.91978,0.82254,0.90683,0.56195,1.27,0.77957,0.84591,0.0093565,0.0093565,0.0093565
67,13527.9,1.42555,0.69464,0.86597,0.91308,0.81954,0.9046,0.56338,1.26451,0.74221,0.84557,0.0093466,0.0093466,0.0093466
68,13730.6,1.42523,0.69759,0.86646,0.91426,0.82268,0.90503,0.56376,1.27466,0.77066,0.84742,0.0093367,0.0093367,0.0093367
69,13934.8,1.43168,0.70281,0.86587,0.9095,0.81941,0.90724,0.56384,1.28331,0.76034,0.8481,0.0093268,0.0093268,0.0093268
70,14138,1.42731,0.69848,0.86557,0.90803,0.8276,0.90765,0.56999,1.28026,0.747,0.84624,0.0093169,0.0093169,0.0093169
71,14341.3,1.42273,0.69297,0.86574,0.9167,0.82295,0.90862,0.56954,1.27587,0.74899,0.84596,0.009307,0.009307,0.009307
72,14542.5,1.40704,0.68656,0.86251,0.91164,0.83058,0.91023,0.5718,1.25982,0.77632,0.845,0.0092971,0.0092971,0.0092971
73,14746.4,1.41926,0.69395,0.86492,0.91702,0.83072,0.91194,0.57408,1.26757,0.72869,0.84468,0.0092872,0.0092872,0.0092872
74,14945.1,1.40887,0.68418,0.86115,0.91108,0.82527,0.90861,0.56934,1.26866,0.70333,0.84585,0.0092773,0.0092773,0.0092773
75,15150,1.41235,0.68822,0.8632,0.9074,0.82274,0.90845,0.5659,1.26545,0.72503,0.84481,0.0092674,0.0092674,0.0092674
76,15347.6,1.40512,0.68553,0.8632,0.91581,0.81845,0.90761,0.56614,1.25685,0.72642,0.84537,0.0092575,0.0092575,0.0092575
77,15552.2,1.40778,0.68274,0.86128,0.92036,0.82568,0.91364,0.5739,1.24953,0.73792,0.84271,0.0092476,0.0092476,0.0092476
78,15755.6,1.40397,0.68288,0.86032,0.91867,0.82213,0.91145,0.57119,1.26091,0.73264,0.84524,0.0092377,0.0092377,0.0092377
79,15960.1,1.39839,0.67921,0.86136,0.92454,0.82654,0.91215,0.57516,1.25484,0.75964,0.84429,0.0092278,0.0092278,0.0092278
80,16161.9,1.40796,0.68471,0.86052,0.91727,0.82961,0.91421,0.57354,1.25951,0.75296,0.84684,0.0092179,0.0092179,0.0092179
81,16373.9,1.40842,0.69018,0.86168,0.91552,0.83154,0.9127,0.57174,1.26336,0.76118,0.84447,0.009208,0.009208,0.009208
82,16580.3,1.40853,0.67997,0.86309,0.92205,0.82867,0.91474,0.57739,1.25283,0.74093,0.84284,0.0091981,0.0091981,0.0091981
83,16781.3,1.40094,0.67481,0.86244,0.91712,0.8325,0.9142,0.57755,1.25503,0.73632,0.84508,0.0091882,0.0091882,0.0091882
84,16987.9,1.39757,0.67931,0.86233,0.91522,0.83358,0.91235,0.57795,1.24186,0.70982,0.84271,0.0091783,0.0091783,0.0091783
85,17190.3,1.39575,0.68061,0.86195,0.9227,0.83249,0.91518,0.57735,1.2329,0.7025,0.84064,0.0091684,0.0091684,0.0091684
86,17398.8,1.3908,0.66917,0.8585,0.92001,0.83243,0.91445,0.57587,1.23748,0.70652,0.84208,0.0091585,0.0091585,0.0091585
87,17601.6,1.39406,0.67326,0.86237,0.92532,0.82406,0.91296,0.57357,1.2466,0.73442,0.84264,0.0091486,0.0091486,0.0091486
88,17805.8,1.39589,0.67513,0.86009,0.91282,0.83195,0.91249,0.57545,1.24026,0.74172,0.8407,0.0091387,0.0091387,0.0091387
89,18007.2,1.39643,0.6726,0.85968,0.9189,0.8308,0.9144,0.57718,1.24231,0.74294,0.84173,0.0091288,0.0091288,0.0091288
90,18221.2,1.39111,0.67422,0.85928,0.91804,0.82744,0.912,0.5769,1.232,0.7258,0.84053,0.0091189,0.0091189,0.0091189
91,18423.8,1.39003,0.66927,0.86125,0.9174,0.83372,0.91314,0.5773,1.2329,0.71407,0.84058,0.009109,0.009109,0.009109
92,18627.8,1.38951,0.67272,0.85859,0.9187,0.83563,0.91469,0.5794,1.23223,0.71187,0.83961,0.0090991,0.0090991,0.0090991
93,18828.7,1.38864,0.67125,0.85846,0.914,0.8401,0.91547,0.58033,1.22633,0.72143,0.8387,0.0090892,0.0090892,0.0090892
94,19027.8,1.39137,0.67404,0.85878,0.91827,0.8376,0.91562,0.57877,1.22451,0.72788,0.83904,0.0090793,0.0090793,0.0090793
95,19232.7,1.38708,0.66867,0.85882,0.91949,0.83604,0.91573,0.57828,1.22767,0.74227,0.8397,0.0090694,0.0090694,0.0090694
96,19437.9,1.38921,0.67139,0.85826,0.91739,0.83576,0.916,0.58122,1.22761,0.73161,0.84003,0.0090595,0.0090595,0.0090595
97,19641.9,1.39224,0.67469,0.86042,0.91691,0.8377,0.91815,0.58264,1.22391,0.72109,0.84003,0.0090496,0.0090496,0.0090496
98,19849.2,1.37807,0.66622,0.85905,0.91763,0.83812,0.91799,0.5831,1.22564,0.70445,0.83971,0.0090397,0.0090397,0.0090397
99,20054.7,1.37822,0.66528,0.85963,0.91782,0.83849,0.91892,0.58328,1.23021,0.69224,0.8407,0.0090298,0.0090298,0.0090298
100,20258.3,1.37486,0.66886,0.85974,0.92327,0.83313,0.9188,0.5827,1.235,0.69327,0.84136,0.0090199,0.0090199,0.0090199
101,20463,1.36046,0.65629,0.85656,0.9272,0.83195,0.9193,0.58522,1.2325,0.69002,0.84049,0.00901,0.00901,0.00901
102,20667.2,1.37258,0.66579,0.85992,0.91954,0.83956,0.91947,0.58549,1.23231,0.69315,0.83994,0.0090001,0.0090001,0.0090001
103,20870.9,1.37447,0.6616,0.85925,0.92308,0.83658,0.91997,0.58557,1.23405,0.7023,0.84018,0.0089902,0.0089902,0.0089902
104,21070.3,1.38371,0.67093,0.86146,0.92245,0.83672,0.92039,0.58657,1.23418,0.68899,0.84084,0.0089803,0.0089803,0.0089803
105,21271.4,1.37498,0.66475,0.85865,0.92011,0.84141,0.91954,0.58633,1.23177,0.69769,0.84016,0.0089704,0.0089704,0.0089704
106,21475.6,1.37359,0.66192,0.85809,0.92122,0.8383,0.92004,0.58585,1.23025,0.69532,0.84024,0.0089605,0.0089605,0.0089605
107,21674.6,1.3791,0.6679,0.85889,0.92312,0.83726,0.92077,0.58647,1.23029,0.6964,0.84032,0.0089506,0.0089506,0.0089506
108,21873.1,1.37213,0.65929,0.85815,0.91795,0.84168,0.92049,0.58489,1.23079,0.69092,0.84074,0.0089407,0.0089407,0.0089407
109,22068.8,1.37428,0.66067,0.85932,0.92344,0.83794,0.91989,0.58453,1.23004,0.68993,0.84074,0.0089308,0.0089308,0.0089308
110,22276.1,1.36943,0.65864,0.85817,0.9238,0.84013,0.92082,0.58643,1.22712,0.68556,0.84046,0.0089209,0.0089209,0.0089209
111,22477.2,1.37864,0.66368,0.85947,0.92564,0.8381,0.92104,0.58672,1.2261,0.68844,0.84003,0.008911,0.008911,0.008911
112,22677.1,1.37177,0.66012,0.85799,0.92616,0.83934,0.92208,0.58745,1.22393,0.6865,0.83981,0.0089011,0.0089011,0.0089011
113,22875,1.37047,0.66159,0.85875,0.92537,0.8434,0.92284,0.58839,1.21758,0.67954,0.83862,0.0088912,0.0088912,0.0088912
114,23089.7,1.38311,0.66046,0.85631,0.92817,0.84217,0.92383,0.5891,1.21716,0.67325,0.83886,0.0088813,0.0088813,0.0088813
115,23290.3,1.3767,0.65992,0.85638,0.92883,0.84108,0.92352,0.5887,1.21776,0.67341,0.83903,0.0088714,0.0088714,0.0088714
116,23497.3,1.37945,0.66379,0.85751,0.92763,0.84203,0.92418,0.58921,1.21747,0.66894,0.83898,0.0088615,0.0088615,0.0088615
117,23699.4,1.36122,0.65586,0.85492,0.92343,0.84421,0.9239,0.58944,1.21487,0.66919,0.83818,0.0088516,0.0088516,0.0088516
118,23899.6,1.37246,0.65869,0.85545,0.92412,0.8449,0.92408,0.58974,1.21353,0.66626,0.83791,0.0088417,0.0088417,0.0088417
119,24101.1,1.36661,0.65508,0.85685,0.9245,0.84284,0.92408,0.59008,1.21236,0.66307,0.83769,0.0088318,0.0088318,0.0088318
120,24301.2,1.36446,0.6558,0.85567,0.92469,0.8418,0.92398,0.59059,1.21296,0.66288,0.83786,0.0088219,0.0088219,0.0088219
121,24503.1,1.36335,0.65561,0.85847,0.92226,0.84408,0.92375,0.59092,1.2142,0.66441,0.83835,0.008812,0.008812,0.008812
122,24700.8,1.3612,0.65428,0.85756,0.91902,0.84607,0.92357,0.59127,1.21396,0.6639,0.83832,0.0088021,0.0088021,0.0088021
123,24901.1,1.37605,0.66086,0.85991,0.92402,0.84217,0.92392,0.59159,1.21303,0.66333,0.83814,0.0087922,0.0087922,0.0087922
124,25101.6,1.37358,0.65738,0.85753,0.92222,0.84192,0.92344,0.59219,1.21316,0.6634,0.83814,0.0087823,0.0087823,0.0087823
125,25305.9,1.36456,0.65553,0.85504,0.92003,0.84476,0.92382,0.59244,1.21209,0.66239,0.83798,0.0087724,0.0087724,0.0087724
126,25506.4,1.36151,0.65213,0.85539,0.92214,0.84263,0.92273,0.59178,1.21315,0.66273,0.83806,0.0087625,0.0087625,0.0087625
127,25708.5,1.35562,0.64879,0.85322,0.9213,0.84421,0.92282,0.59194,1.21284,0.66255,0.83807,0.0087526,0.0087526,0.0087526
128,25908.1,1.36194,0.6516,0.85687,0.92032,0.8438,0.92284,0.5917,1.21178,0.66412,0.83769,0.0087427,0.0087427,0.0087427
129,26109.1,1.35898,0.65166,0.85542,0.91993,0.84558,0.92327,0.59169,1.21179,0.66296,0.83774,0.0087328,0.0087328,0.0087328
130,26313.4,1.35127,0.65095,0.85567,0.92173,0.8449,0.92337,0.59162,1.21244,0.66512,0.83784,0.0087229,0.0087229,0.0087229
131,26511.7,1.35366,0.65064,0.8539,0.92195,0.84462,0.92342,0.59128,1.21196,0.66549,0.83779,0.008713,0.008713,0.008713
132,26712.9,1.36251,0.65208,0.85753,0.92185,0.84449,0.92338,0.59125,1.21157,0.66327,0.83763,0.0087031,0.0087031,0.0087031
133,26915.4,1.36422,0.6508,0.85416,0.92189,0.84297,0.92313,0.59136,1.21105,0.66076,0.83757,0.0086932,0.0086932,0.0086932
134,27128.8,1.35224,0.65262,0.85475,0.92092,0.84441,0.92312,0.59116,1.21085,0.66178,0.83745,0.0086833,0.0086833,0.0086833
135,27329.2,1.35226,0.64801,0.85431,0.92002,0.8453,0.92311,0.59158,1.20985,0.6623,0.83726,0.0086734,0.0086734,0.0086734
136,27535.3,1.35519,0.64781,0.85626,0.92116,0.84564,0.92359,0.59203,1.20939,0.662,0.83717,0.0086635,0.0086635,0.0086635
137,27739.4,1.3565,0.64967,0.85603,0.92041,0.84636,0.92313,0.59215,1.20857,0.66204,0.83711,0.0086536,0.0086536,0.0086536
138,27954.3,1.3526,0.65197,0.85698,0.92014,0.84639,0.92352,0.59224,1.20859,0.66106,0.83721,0.0086437,0.0086437,0.0086437
139,28153.2,1.35184,0.65015,0.85507,0.91853,0.84817,0.92402,0.59254,1.20791,0.6603,0.83693,0.0086338,0.0086338,0.0086338
140,28361.3,1.35165,0.64698,0.85446,0.91885,0.84803,0.92416,0.59293,1.20665,0.66103,0.83664,0.0086239,0.0086239,0.0086239
141,28562.4,1.3569,0.64892,0.8557,0.91885,0.84875,0.92442,0.59354,1.20509,0.66135,0.83635,0.008614,0.008614,0.008614
142,28764,1.34806,0.6399,0.85241,0.91969,0.84749,0.92431,0.59361,1.20423,0.66191,0.83612,0.0086041,0.0086041,0.0086041
143,28965.3,1.35389,0.64929,0.8554,0.91987,0.84808,0.92475,0.59442,1.20312,0.6617,0.83598,0.0085942,0.0085942,0.0085942
144,29165.4,1.36312,0.65368,0.85556,0.92059,0.84851,0.92492,0.59451,1.20283,0.66201,0.836,0.0085843,0.0085843,0.0085843
145,29366.5,1.34896,0.6435,0.85433,0.91996,0.8483,0.92522,0.59483,1.20235,0.66179,0.83597,0.0085744,0.0085744,0.0085744
146,29571,1.3431,0.64212,0.85331,0.92024,0.84749,0.92524,0.59481,1.20157,0.66092,0.83579,0.0085645,0.0085645,0.0085645
147,29781.2,1.34038,0.63959,0.85482,0.92129,0.84706,0.92495,0.59441,1.20113,0.66051,0.83574,0.0085546,0.0085546,0.0085546
148,29985.7,1.34443,0.64585,0.85476,0.92276,0.84674,0.92528,0.59454,1.20058,0.66,0.83572,0.0085447,0.0085447,0.0085447
149,30187.9,1.35011,0.64377,0.8525,0.92259,0.84639,0.92501,0.59499,1.19987,0.66163,0.83558,0.0085348,0.0085348,0.0085348
150,30392.9,1.346,0.64035,0.85447,0.923,0.84639,0.92503,0.59529,1.19938,0.66302,0.83547,0.0085249,0.0085249,0.0085249
151,30601.6,1.3435,0.6414,0.85371,0.92315,0.84646,0.92522,0.59533,1.19865,0.66287,0.8354,0.008515,0.008515,0.008515
152,30803.9,1.34838,0.64431,0.85622,0.92265,0.84703,0.92519,0.59477,1.19815,0.66314,0.83536,0.0085051,0.0085051,0.0085051
153,31010.8,1.34333,0.63908,0.85266,0.92437,0.84622,0.92543,0.59474,1.19782,0.66333,0.83531,0.0084952,0.0084952,0.0084952
154,31207.8,1.34557,0.64087,0.85538,0.92328,0.84626,0.92523,0.59475,1.19749,0.66342,0.83531,0.0084853,0.0084853,0.0084853
155,31407.4,1.3436,0.63983,0.85347,0.92193,0.84694,0.92563,0.59482,1.19708,0.66374,0.83519,0.0084754,0.0084754,0.0084754
156,31607.9,1.34383,0.63981,0.85106,0.92199,0.84653,0.92566,0.59489,1.19654,0.66405,0.83506,0.0084655,0.0084655,0.0084655
157,31813.5,1.34075,0.64093,0.85455,0.92182,0.84693,0.92581,0.59505,1.19615,0.66436,0.83502,0.0084556,0.0084556,0.0084556
158,32014.1,1.34113,0.64261,0.85409,0.92143,0.84718,0.92558,0.5952,1.19587,0.66469,0.83495,0.0084457,0.0084457,0.0084457
159,32220.8,1.34424,0.64496,0.85324,0.92137,0.84806,0.92599,0.59563,1.19536,0.66487,0.83484,0.0084358,0.0084358,0.0084358
160,32422.5,1.34193,0.64091,0.85403,0.92098,0.84823,0.92603,0.59561,1.19536,0.66453,0.83482,0.0084259,0.0084259,0.0084259
161,32624.4,1.35037,0.64391,0.85453,0.92051,0.84858,0.92567,0.59552,1.19545,0.66382,0.83486,0.008416,0.008416,0.008416
162,32828,1.33032,0.63501,0.85212,0.92015,0.84885,0.92589,0.59567,1.19527,0.66262,0.83481,0.0084061,0.0084061,0.0084061
163,33024.9,1.33863,0.64013,0.85413,0.92036,0.84893,0.92589,0.59592,1.19523,0.66202,0.83483,0.0083962,0.0083962,0.0083962
164,33223.8,1.32909,0.63365,0.85198,0.92088,0.84939,0.92655,0.59631,1.19494,0.66105,0.83482,0.0083863,0.0083863,0.0083863
165,33424.2,1.3354,0.63573,0.85188,0.92075,0.85035,0.92664,0.59659,1.19445,0.66067,0.83476,0.0083764,0.0083764,0.0083764
166,33628.4,1.33588,0.63798,0.85388,0.92077,0.85054,0.9268,0.59674,1.19397,0.66006,0.83464,0.0083665,0.0083665,0.0083665
167,33829.4,1.33673,0.63788,0.85323,0.92119,0.8507,0.92692,0.59715,1.19337,0.65933,0.83452,0.0083566,0.0083566,0.0083566
168,34025.4,1.33831,0.64073,0.85349,0.92164,0.84967,0.92682,0.59723,1.19298,0.65909,0.83444,0.0083467,0.0083467,0.0083467
169,34233.2,1.32543,0.63885,0.85279,0.92173,0.85076,0.92689,0.59787,1.19237,0.65966,0.83434,0.0083368,0.0083368,0.0083368
170,34435.4,1.34213,0.63754,0.8526,0.9219,0.84994,0.92677,0.59804,1.19186,0.65977,0.83422,0.0083269,0.0083269,0.0083269
171,34637.1,1.33979,0.64085,0.85329,0.92146,0.85035,0.92704,0.59821,1.19152,0.6598,0.83411,0.008317,0.008317,0.008317
172,34840.2,1.33393,0.63684,0.85336,0.92161,0.85117,0.92771,0.59866,1.19141,0.65944,0.83406,0.0083071,0.0083071,0.0083071
173,35038.7,1.33336,0.63837,0.85418,0.9221,0.85117,0.92792,0.59875,1.19098,0.65876,0.83395,0.0082972,0.0082972,0.0082972
174,35238.1,1.32715,0.63379,0.85361,0.92183,0.85198,0.92806,0.5989,1.19063,0.65859,0.83382,0.0082873,0.0082873,0.0082873
175,35439.5,1.34497,0.64039,0.85446,0.92192,0.85185,0.92801,0.59907,1.19055,0.65812,0.83376,0.0082774,0.0082774,0.0082774
176,35642.7,1.34226,0.64109,0.8537,0.92285,0.85089,0.92815,0.599,1.19034,0.65784,0.83369,0.0082675,0.0082675,0.0082675
177,35841.3,1.33922,0.63632,0.85425,0.9233,0.85147,0.92821,0.59936,1.19018,0.65743,0.83364,0.0082576,0.0082576,0.0082576
178,36048.5,1.32986,0.6334,0.85317,0.9235,0.85157,0.92823,0.59948,1.18989,0.65707,0.83358,0.0082477,0.0082477,0.0082477
179,36252.9,1.32569,0.63232,0.85401,0.92263,0.85328,0.92818,0.59985,1.18951,0.65683,0.83349,0.0082378,0.0082378,0.0082378
180,36453.6,1.32987,0.63383,0.85198,0.92325,0.85253,0.92833,0.6001,1.18919,0.65623,0.83343,0.0082279,0.0082279,0.0082279
181,36656.8,1.32777,0.62986,0.85104,0.92312,0.85266,0.92839,0.60027,1.18895,0.65581,0.83338,0.008218,0.008218,0.008218
182,36856.5,1.3195,0.62666,0.85152,0.92376,0.85198,0.92824,0.60035,1.18874,0.65618,0.83334,0.0082081,0.0082081,0.0082081
183,37065,1.33319,0.63327,0.85192,0.92321,0.85374,0.92853,0.60053,1.18857,0.65639,0.83331,0.0081982,0.0081982,0.0081982
184,37266.4,1.32851,0.63243,0.8543,0.92349,0.85383,0.92847,0.60065,1.18832,0.65619,0.83329,0.0081883,0.0081883,0.0081883
185,37474.7,1.32864,0.62837,0.85308,0.92259,0.85443,0.92842,0.60086,1.18804,0.65644,0.83323,0.0081784,0.0081784,0.0081784
186,37674.5,1.34602,0.63373,0.85372,0.92268,0.85553,0.92854,0.60091,1.18777,0.65682,0.8332,0.0081685,0.0081685,0.0081685
187,37875.9,1.33068,0.62907,0.85317,0.92195,0.85553,0.92841,0.60111,1.18755,0.65712,0.83317,0.0081586,0.0081586,0.0081586
188,38074.2,1.33176,0.63453,0.8518,0.92196,0.85553,0.92839,0.60109,1.18735,0.65716,0.83314,0.0081487,0.0081487,0.0081487
189,38276.8,1.33524,0.63782,0.85292,0.92155,0.8558,0.92849,0.60111,1.18733,0.6567,0.83315,0.0081388,0.0081388,0.0081388
190,38478.4,1.3242,0.63034,0.85275,0.92305,0.85342,0.92856,0.60135,1.18703,0.65638,0.83312,0.0081289,0.0081289,0.0081289
191,38677.2,1.32388,0.62911,0.85129,0.92335,0.85294,0.92861,0.60153,1.18677,0.65581,0.8331,0.008119,0.008119,0.008119
192,38875.7,1.32582,0.63132,0.85029,0.92218,0.85335,0.92854,0.60157,1.18644,0.65565,0.83306,0.0081091,0.0081091,0.0081091
193,39075.2,1.3205,0.62527,0.84992,0.92122,0.85424,0.92864,0.60181,1.18614,0.65558,0.83305,0.0080992,0.0080992,0.0080992
194,39280,1.32242,0.63072,0.8511,0.92098,0.85525,0.92888,0.60181,1.18592,0.65573,0.83304,0.0080893,0.0080893,0.0080893
195,39480.2,1.32684,0.6334,0.85113,0.92079,0.85551,0.92898,0.60172,1.18566,0.65579,0.83301,0.0080794,0.0080794,0.0080794
196,39688,1.32571,0.63098,0.85335,0.9212,0.85562,0.92898,0.60179,1.18547,0.65557,0.83301,0.0080695,0.0080695,0.0080695
197,39889.8,1.32151,0.63059,0.85086,0.92163,0.85589,0.92888,0.60188,1.1853,0.65543,0.833,0.0080596,0.0080596,0.0080596
198,40088.7,1.3345,0.63352,0.85191,0.92147,0.85566,0.9289,0.60183,1.18504,0.65527,0.83299,0.0080497,0.0080497,0.0080497
199,40287.8,1.32478,0.63508,0.85227,0.92136,0.85594,0.92887,0.60201,1.18476,0.6551,0.83294,0.0080398,0.0080398,0.0080398
200,40489.3,1.32949,0.6315,0.85174,0.92113,0.85644,0.92898,0.60206,1.18453,0.6551,0.83294,0.0080299,0.0080299,0.0080299
201,40688,1.31846,0.62552,0.84948,0.92116,0.85648,0.92935,0.60213,1.1843,0.655,0.83293,0.00802,0.00802,0.00802
202,40891.8,1.32815,0.6299,0.85301,0.92548,0.85375,0.92934,0.60232,1.18409,0.65478,0.83291,0.0080101,0.0080101,0.0080101
203,41093.4,1.31571,0.62168,0.85122,0.92231,0.8558,0.92952,0.60245,1.18394,0.65455,0.83289,0.0080002,0.0080002,0.0080002
204,41292.5,1.31526,0.62549,0.84997,0.92566,0.85471,0.92953,0.60255,1.18373,0.65405,0.83287,0.0079903,0.0079903,0.0079903
205,41491.4,1.32095,0.62816,0.85189,0.92526,0.85444,0.92945,0.60246,1.18349,0.6539,0.83283,0.0079804,0.0079804,0.0079804
206,41692.8,1.31623,0.62478,0.84943,0.92539,0.85536,0.92963,0.60271,1.18313,0.65373,0.83278,0.0079705,0.0079705,0.0079705
207,41893,1.31723,0.62667,0.85227,0.92499,0.85554,0.92984,0.60275,1.18285,0.65331,0.83273,0.0079606,0.0079606,0.0079606
208,42092.5,1.31708,0.62355,0.85066,0.92648,0.85471,0.92987,0.60275,1.18265,0.65317,0.83269,0.0079507,0.0079507,0.0079507
209,42290.8,1.3072,0.61919,0.84993,0.92618,0.85499,0.93003,0.60297,1.18244,0.65281,0.83268,0.0079408,0.0079408,0.0079408
210,42493.3,1.32592,0.62595,0.85159,0.92565,0.85525,0.9301,0.60311,1.18236,0.65273,0.83267,0.0079309,0.0079309,0.0079309
211,42695.7,1.32283,0.6271,0.85196,0.92511,0.85532,0.92981,0.60316,1.18216,0.65267,0.83265,0.007921,0.007921,0.007921
212,42897.6,1.31499,0.6284,0.85173,0.92526,0.85594,0.92996,0.60317,1.1819,0.65265,0.83262,0.0079111,0.0079111,0.0079111
213,43096.1,1.31202,0.62213,0.85028,0.92517,0.85621,0.93007,0.60326,1.1818,0.65249,0.83258,0.0079012,0.0079012,0.0079012
214,43302.9,1.32926,0.62977,0.85161,0.92544,0.85602,0.93037,0.60332,1.18165,0.65207,0.83256,0.0078913,0.0078913,0.0078913
215,43499.8,1.3166,0.62432,0.84845,0.92559,0.85594,0.93056,0.6035,1.18131,0.65146,0.8325,0.0078814,0.0078814,0.0078814
216,43702.5,1.3148,0.62399,0.84923,0.92558,0.85566,0.93063,0.60357,1.18108,0.65098,0.83245,0.0078715,0.0078715,0.0078715
217,43904.5,1.32095,0.62403,0.85027,0.92554,0.85607,0.93061,0.60362,1.18077,0.65013,0.83239,0.0078616,0.0078616,0.0078616
218,44104.9,1.31468,0.62491,0.85008,0.92622,0.85557,0.93061,0.60368,1.18061,0.64985,0.83238,0.0078517,0.0078517,0.0078517
219,44309.7,1.32356,0.62663,0.8504,0.92639,0.85539,0.93067,0.60396,1.18034,0.64947,0.83236,0.0078418,0.0078418,0.0078418
220,44516,1.32115,0.62407,0.84853,0.92595,0.85549,0.93049,0.60381,1.18024,0.64955,0.83236,0.0078319,0.0078319,0.0078319
221,44719.4,1.31998,0.6232,0.85198,0.92678,0.85566,0.93062,0.60385,1.18005,0.64955,0.83234,0.007822,0.007822,0.007822
222,44920.3,1.32083,0.6251,0.85083,0.92676,0.8558,0.93089,0.60409,1.17967,0.6494,0.83228,0.0078121,0.0078121,0.0078121
223,45120.5,1.318,0.62625,0.85208,0.92734,0.85607,0.93133,0.60409,1.17948,0.64928,0.83226,0.0078022,0.0078022,0.0078022
224,45325.3,1.31216,0.62206,0.85207,0.92722,0.85566,0.93115,0.60406,1.17939,0.64886,0.83226,0.0077923,0.0077923,0.0077923
225,45527.2,1.31376,0.62518,0.85043,0.92657,0.85607,0.93113,0.60412,1.17932,0.64888,0.83227,0.0077824,0.0077824,0.0077824
226,45729.4,1.31736,0.62319,0.84977,0.92746,0.85566,0.93132,0.60421,1.17932,0.64863,0.83227,0.0077725,0.0077725,0.0077725
227,45926.9,1.31262,0.62268,0.84896,0.92749,0.85602,0.93139,0.6045,1.17935,0.64829,0.83227,0.0077626,0.0077626,0.0077626
228,46131.4,1.31461,0.62433,0.85088,0.9279,0.85597,0.93146,0.60453,1.17928,0.64801,0.83226,0.0077527,0.0077527,0.0077527
229,46332,1.31808,0.62441,0.84868,0.928,0.85594,0.93147,0.60479,1.17925,0.64777,0.83227,0.0077428,0.0077428,0.0077428
230,46539.6,1.31283,0.62078,0.85007,0.9279,0.85604,0.93162,0.60483,1.17925,0.64769,0.83228,0.0077329,0.0077329,0.0077329
231,46741.7,1.31502,0.62191,0.84985,0.92739,0.85645,0.93162,0.60485,1.17912,0.64741,0.83228,0.007723,0.007723,0.007723
232,46956.9,1.31533,0.62117,0.85012,0.9277,0.85692,0.93157,0.60487,1.17891,0.64711,0.83226,0.0077131,0.0077131,0.0077131
233,47157.6,1.31357,0.6228,0.85042,0.92732,0.85732,0.9318,0.60508,1.17883,0.647,0.83225,0.0077032,0.0077032,0.0077032
234,47362.3,1.31411,0.62515,0.84914,0.92789,0.85761,0.93192,0.60508,1.1788,0.64697,0.83226,0.0076933,0.0076933,0.0076933
235,47562.2,1.30152,0.61569,0.84557,0.92788,0.8575,0.93189,0.6051,1.17868,0.64702,0.83224,0.0076834,0.0076834,0.0076834
236,47761.2,1.31472,0.62044,0.85206,0.92823,0.85673,0.93181,0.60513,1.17847,0.64717,0.83223,0.0076735,0.0076735,0.0076735
237,47960.4,1.31238,0.62326,0.85027,0.92808,0.85657,0.93193,0.60507,1.1782,0.64726,0.8322,0.0076636,0.0076636,0.0076636
238,48160.3,1.30613,0.61697,0.84899,0.92789,0.8573,0.9319,0.60517,1.17789,0.64728,0.83216,0.0076537,0.0076537,0.0076537
239,48362.6,1.30009,0.61566,0.84615,0.92782,0.85675,0.93176,0.60517,1.17754,0.64752,0.83209,0.0076438,0.0076438,0.0076438
240,48563.2,1.30502,0.61655,0.85107,0.92731,0.85718,0.93192,0.60544,1.17724,0.64741,0.83204,0.0076339,0.0076339,0.0076339
241,48771.6,1.30675,0.6198,0.85042,0.928,0.85731,0.93198,0.60565,1.17699,0.64737,0.832,0.007624,0.007624,0.007624
242,48974.6,1.30697,0.61718,0.84876,0.92799,0.85708,0.93208,0.60579,1.17673,0.64747,0.83196,0.0076141,0.0076141,0.0076141
243,49176.3,1.30217,0.6145,0.85119,0.92806,0.8573,0.93239,0.60592,1.17639,0.6473,0.83189,0.0076042,0.0076042,0.0076042
244,49377.4,1.30681,0.61737,0.84914,0.92774,0.85741,0.93237,0.60597,1.17605,0.64727,0.8318,0.0075943,0.0075943,0.0075943
245,49579.6,1.29743,0.61345,0.84681,0.92773,0.85732,0.93237,0.60598,1.17586,0.64732,0.83176,0.0075844,0.0075844,0.0075844
246,49777.4,1.2974,0.61289,0.84878,0.92837,0.85679,0.93221,0.60603,1.17563,0.64715,0.83175,0.0075745,0.0075745,0.0075745
247,49976.7,1.30261,0.61402,0.84832,0.92833,0.85803,0.93246,0.60629,1.17553,0.64726,0.83173,0.0075646,0.0075646,0.0075646
248,50174.5,1.31667,0.62385,0.84931,0.92835,0.85757,0.93243,0.60644,1.17536,0.6474,0.8317,0.0075547,0.0075547,0.0075547
249,50378,1.30426,0.61662,0.84754,0.92845,0.85774,0.93245,0.60675,1.17499,0.64772,0.83165,0.0075448,0.0075448,0.0075448
250,50583.1,1.30491,0.61536,0.8477,0.92832,0.85787,0.93249,0.60676,1.17466,0.64808,0.8316,0.0075349,0.0075349,0.0075349
251,50788.1,1.30065,0.6164,0.84962,0.92895,0.85757,0.93254,0.60692,1.17419,0.64861,0.83152,0.007525,0.007525,0.007525
252,50992.8,1.30314,0.61621,0.84799,0.92953,0.85784,0.93256,0.60701,1.17371,0.64874,0.83147,0.0075151,0.0075151,0.0075151
253,51189.9,1.29816,0.6122,0.84744,0.92941,0.85784,0.93236,0.60698,1.17347,0.6489,0.83141,0.0075052,0.0075052,0.0075052
254,51397.6,1.29487,0.61427,0.84779,0.92965,0.85737,0.93265,0.60713,1.17309,0.64892,0.83135,0.0074953,0.0074953,0.0074953
255,51599.4,1.30078,0.61359,0.84671,0.92887,0.85794,0.93265,0.60722,1.17276,0.64859,0.83137,0.0074854,0.0074854,0.0074854
256,51803.4,1.30566,0.62015,0.85011,0.92873,0.85787,0.93264,0.60736,1.17251,0.64863,0.83134,0.0074755,0.0074755,0.0074755
257,52005.4,1.30824,0.61849,0.84965,0.929,0.85782,0.93234,0.60738,1.17215,0.64871,0.83129,0.0074656,0.0074656,0.0074656
258,52211.2,1.30172,0.61801,0.84992,0.9287,0.8575,0.93233,0.60748,1.17185,0.6487,0.83128,0.0074557,0.0074557,0.0074557
259,52411.8,1.30477,0.61562,0.85018,0.92908,0.85825,0.93239,0.60754,1.17154,0.6488,0.83125,0.0074458,0.0074458,0.0074458
260,52614.2,1.30394,0.61329,0.84914,0.92908,0.85877,0.93237,0.60747,1.17132,0.64876,0.83124,0.0074359,0.0074359,0.0074359
261,52820.4,1.2975,0.61117,0.84695,0.92908,0.85934,0.93238,0.60746,1.17117,0.64871,0.83123,0.007426,0.007426,0.007426
262,53019.3,1.30289,0.61085,0.84775,0.92925,0.85962,0.93248,0.60769,1.17097,0.64855,0.83114,0.0074161,0.0074161,0.0074161
263,53222.8,1.30051,0.6154,0.84717,0.92949,0.85962,0.93252,0.60764,1.17076,0.64834,0.83112,0.0074062,0.0074062,0.0074062
264,53419.8,1.30529,0.61622,0.8505,0.92977,0.85853,0.93269,0.60754,1.1705,0.64832,0.83108,0.0073963,0.0073963,0.0073963
265,53627.6,1.2947,0.61249,0.84916,0.92978,0.85893,0.93229,0.60756,1.1704,0.648,0.83109,0.0073864,0.0073864,0.0073864
266,53831.2,1.29731,0.60834,0.84834,0.92923,0.85907,0.93231,0.60791,1.1702,0.64787,0.83108,0.0073765,0.0073765,0.0073765
267,54044.8,1.30294,0.61225,0.8474,0.92889,0.85814,0.93221,0.60782,1.17005,0.64763,0.83103,0.0073666,0.0073666,0.0073666
268,54243.6,1.30542,0.61595,0.84843,0.92873,0.85788,0.93242,0.60773,1.16993,0.64724,0.83103,0.0073567,0.0073567,0.0073567
269,54441.6,1.29795,0.60977,0.84816,0.92849,0.85827,0.93249,0.60795,1.16973,0.64706,0.83101,0.0073468,0.0073468,0.0073468
270,54648.3,1.29731,0.61447,0.84884,0.92876,0.85824,0.93261,0.60825,1.16953,0.64688,0.83098,0.0073369,0.0073369,0.0073369
271,54851.8,1.30025,0.61498,0.84906,0.92911,0.85739,0.93257,0.60842,1.16919,0.64673,0.83094,0.007327,0.007327,0.007327
272,55051.2,1.30231,0.61373,0.84867,0.92956,0.8573,0.93295,0.60847,1.16881,0.64643,0.83088,0.0073171,0.0073171,0.0073171
273,55251.1,1.30717,0.61733,0.84895,0.92914,0.85798,0.93293,0.6084,1.16859,0.64639,0.83084,0.0073072,0.0073072,0.0073072
274,55456.2,1.28797,0.60634,0.8469,0.92851,0.85866,0.93305,0.60852,1.16829,0.64634,0.83079,0.0072973,0.0072973,0.0072973
275,55661.3,1.2959,0.60921,0.84812,0.92939,0.85746,0.93312,0.60855,1.16796,0.64639,0.83073,0.0072874,0.0072874,0.0072874
276,55865.5,1.28464,0.6107,0.84725,0.92731,0.85888,0.93307,0.60854,1.16763,0.64633,0.83069,0.0072775,0.0072775,0.0072775
277,56069.6,1.297,0.6116,0.84808,0.9278,0.85921,0.93345,0.60878,1.16742,0.64604,0.83066,0.0072676,0.0072676,0.0072676
278,56273.3,1.29779,0.61326,0.84639,0.92768,0.85853,0.93326,0.60886,1.16722,0.64605,0.83065,0.0072577,0.0072577,0.0072577
279,56471.2,1.29975,0.61165,0.84864,0.92763,0.85893,0.93339,0.60882,1.16691,0.64584,0.83063,0.0072478,0.0072478,0.0072478
280,56671.9,1.30135,0.61092,0.84936,0.92693,0.85925,0.93314,0.60896,1.16674,0.6456,0.83063,0.0072379,0.0072379,0.0072379
281,56877.9,1.30078,0.61095,0.84833,0.9285,0.85825,0.93321,0.60902,1.16652,0.64553,0.8306,0.007228,0.007228,0.007228
282,57080,1.29409,0.61366,0.84971,0.92766,0.8582,0.93305,0.60904,1.16637,0.64545,0.83061,0.0072181,0.0072181,0.0072181
283,57290.9,1.2882,0.60819,0.84736,0.92714,0.85845,0.93286,0.60906,1.16629,0.64506,0.83063,0.0072082,0.0072082,0.0072082
284,57495.1,1.28816,0.60784,0.84764,0.92741,0.85839,0.93266,0.60908,1.16602,0.64456,0.83065,0.0071983,0.0071983,0.0071983
285,57695.3,1.29487,0.60771,0.84777,0.92689,0.85893,0.93265,0.60917,1.16579,0.64412,0.83065,0.0071884,0.0071884,0.0071884
286,57894,1.30012,0.6135,0.84742,0.92703,0.85882,0.93252,0.60939,1.16562,0.64394,0.83066,0.0071785,0.0071785,0.0071785
287,58097.6,1.29248,0.60984,0.84652,0.92731,0.85892,0.93254,0.60967,1.16547,0.64354,0.83064,0.0071686,0.0071686,0.0071686
288,58297,1.29815,0.61013,0.84775,0.92689,0.85907,0.93261,0.6095,1.16523,0.64324,0.83063,0.0071587,0.0071587,0.0071587
289,58497.5,1.28705,0.6056,0.84616,0.92681,0.8588,0.93266,0.6097,1.16503,0.6431,0.83062,0.0071488,0.0071488,0.0071488
290,58695.6,1.28782,0.60833,0.84428,0.92697,0.85893,0.93253,0.60951,1.16496,0.64304,0.83065,0.0071389,0.0071389,0.0071389
291,58900.9,1.29177,0.60643,0.84713,0.92679,0.85926,0.93269,0.60955,1.16473,0.64302,0.83062,0.007129,0.007129,0.007129
292,59105.3,1.28821,0.60461,0.84814,0.9266,0.85948,0.93268,0.60978,1.16458,0.64286,0.83062,0.0071191,0.0071191,0.0071191
293,59311.7,1.29568,0.60846,0.84663,0.92586,0.85975,0.93259,0.60984,1.16423,0.64282,0.83058,0.0071092,0.0071092,0.0071092
294,59511,1.29268,0.60584,0.84763,0.92602,0.86002,0.93257,0.60976,1.16399,0.64276,0.83053,0.0070993,0.0070993,0.0070993
295,59713.7,1.30332,0.61138,0.84755,0.92572,0.86057,0.93265,0.60961,1.16364,0.64315,0.8305,0.0070894,0.0070894,0.0070894
296,59915.6,1.29825,0.61114,0.84698,0.92625,0.86107,0.93277,0.60983,1.16341,0.64328,0.83049,0.0070795,0.0070795,0.0070795
297,60113.9,1.28953,0.61407,0.84946,0.92635,0.86111,0.93273,0.60987,1.16322,0.6434,0.8305,0.0070696,0.0070696,0.0070696
298,60322.8,1.28645,0.60378,0.84583,0.92782,0.85989,0.9329,0.60986,1.16303,0.64343,0.83054,0.0070597,0.0070597,0.0070597
299,60518.9,1.29201,0.61163,0.84891,0.92657,0.86161,0.93303,0.60987,1.16285,0.64348,0.83048,0.0070498,0.0070498,0.0070498
300,60721.3,1.28979,0.60887,0.84673,0.92659,0.86194,0.93318,0.60997,1.16271,0.64345,0.83044,0.0070399,0.0070399,0.0070399
301,60927.4,1.2874,0.60791,0.84764,0.92675,0.86217,0.93311,0.61011,1.16251,0.64361,0.83041,0.00703,0.00703,0.00703
302,61132.6,1.29038,0.60437,0.84624,0.9274,0.8618,0.9332,0.61022,1.16219,0.64382,0.83029,0.0070201,0.0070201,0.0070201
303,61333.6,1.29839,0.60946,0.84726,0.92718,0.86152,0.93306,0.61046,1.16201,0.64369,0.83026,0.0070102,0.0070102,0.0070102
304,61530.6,1.29077,0.60927,0.84737,0.92787,0.8603,0.9331,0.61063,1.16172,0.64364,0.8302,0.0070003,0.0070003,0.0070003
305,61735.6,1.28429,0.60288,0.84646,0.92826,0.86063,0.93315,0.61074,1.16139,0.64324,0.83014,0.0069904,0.0069904,0.0069904
306,61938.2,1.28004,0.6015,0.84733,0.92879,0.8604,0.93313,0.61083,1.16117,0.6429,0.83008,0.0069805,0.0069805,0.0069805
307,62137.4,1.28588,0.60495,0.84709,0.92814,0.8608,0.93301,0.61094,1.16094,0.64283,0.83005,0.0069706,0.0069706,0.0069706
308,62339.1,1.28453,0.60375,0.84402,0.92857,0.86113,0.933,0.61107,1.16068,0.64261,0.83006,0.0069607,0.0069607,0.0069607
309,62538.1,1.28536,0.60468,0.84612,0.92878,0.86098,0.93299,0.61125,1.16056,0.64244,0.83006,0.0069508,0.0069508,0.0069508
310,62748.7,1.29527,0.60855,0.84576,0.92845,0.86131,0.93309,0.61143,1.16028,0.64239,0.82999,0.0069409,0.0069409,0.0069409
311,62949.8,1.2816,0.60659,0.84677,0.92876,0.86125,0.93309,0.61151,1.16008,0.64241,0.82995,0.006931,0.006931,0.006931
312,63152.6,1.29022,0.60597,0.84507,0.9292,0.86139,0.93298,0.61163,1.15986,0.64235,0.82992,0.0069211,0.0069211,0.0069211
313,63353.9,1.28862,0.605,0.84647,0.92942,0.86125,0.933,0.61157,1.15968,0.64235,0.8299,0.0069112,0.0069112,0.0069112
314,63559.2,1.29258,0.60627,0.84703,0.92858,0.86122,0.93284,0.61158,1.15958,0.64207,0.8299,0.0069013,0.0069013,0.0069013
315,63764.1,1.28583,0.60381,0.84686,0.92848,0.86139,0.93278,0.61167,1.15933,0.64168,0.82988,0.0068914,0.0068914,0.0068914
316,63964.1,1.27317,0.60014,0.84372,0.92858,0.86128,0.93289,0.61136,1.15902,0.64135,0.82982,0.0068815,0.0068815,0.0068815
317,64168.9,1.28401,0.60057,0.84563,0.92885,0.86114,0.93287,0.61134,1.15878,0.64118,0.82979,0.0068716,0.0068716,0.0068716
318,64372.2,1.28,0.60128,0.84558,0.92916,0.86084,0.93312,0.61125,1.15859,0.64095,0.82978,0.0068617,0.0068617,0.0068617
319,64581.9,1.28078,0.60275,0.8439,0.92908,0.86057,0.93312,0.61149,1.15827,0.64082,0.82974,0.0068518,0.0068518,0.0068518
320,64780.7,1.27731,0.60105,0.84718,0.92891,0.86071,0.93303,0.61159,1.15805,0.64075,0.82972,0.0068419,0.0068419,0.0068419
321,64986,1.28119,0.59894,0.8454,0.92895,0.86084,0.93293,0.61158,1.15774,0.64044,0.82968,0.006832,0.006832,0.006832
322,65183.1,1.28506,0.60331,0.84597,0.92893,0.86098,0.93296,0.61157,1.15751,0.64055,0.82965,0.0068221,0.0068221,0.0068221
323,65389.4,1.28604,0.61074,0.84694,0.92897,0.86099,0.93321,0.61187,1.15728,0.64086,0.82964,0.0068122,0.0068122,0.0068122
324,65591.6,1.27713,0.60055,0.84474,0.92925,0.86071,0.93327,0.61229,1.15711,0.64115,0.82962,0.0068023,0.0068023,0.0068023
325,65783.5,1.28655,0.59915,0.84329,0.92918,0.86084,0.93327,0.61207,1.15677,0.64099,0.82957,0.0067924,0.0067924,0.0067924
326,65989.6,1.28139,0.59751,0.84465,0.92967,0.86125,0.93356,0.61229,1.15638,0.64108,0.82952,0.0067825,0.0067825,0.0067825
327,66194.1,1.29262,0.6022,0.84592,0.92924,0.86125,0.93328,0.61244,1.15605,0.64147,0.82949,0.0067726,0.0067726,0.0067726
328,66403.3,1.28761,0.60902,0.84831,0.92888,0.86111,0.93371,0.61233,1.15581,0.64166,0.82945,0.0067627,0.0067627,0.0067627
329,66605.2,1.28382,0.60082,0.84659,0.92871,0.8612,0.93354,0.61239,1.15545,0.64174,0.82943,0.0067528,0.0067528,0.0067528
330,66809.7,1.27379,0.59745,0.8453,0.92907,0.86111,0.93384,0.61254,1.15531,0.64145,0.82942,0.0067429,0.0067429,0.0067429
331,67010.4,1.28501,0.60354,0.84558,0.92934,0.86084,0.93385,0.6126,1.15513,0.64122,0.82938,0.006733,0.006733,0.006733
332,67212.3,1.28539,0.60533,0.84687,0.92895,0.86098,0.93369,0.61269,1.1549,0.64115,0.82935,0.0067231,0.0067231,0.0067231
333,67420.5,1.27503,0.6008,0.84545,0.92914,0.86071,0.93402,0.61284,1.15464,0.64109,0.82929,0.0067132,0.0067132,0.0067132
334,67623.5,1.27978,0.60033,0.8445,0.92869,0.86111,0.93397,0.61299,1.15449,0.64119,0.82928,0.0067033,0.0067033,0.0067033
335,67828.4,1.28206,0.60148,0.84413,0.92843,0.86084,0.93403,0.61292,1.15449,0.64104,0.82928,0.0066934,0.0066934,0.0066934
336,68035.7,1.27928,0.59967,0.84578,0.9283,0.86111,0.93397,0.61327,1.15429,0.6411,0.82921,0.0066835,0.0066835,0.0066835
337,68240.9,1.27729,0.60114,0.84485,0.92897,0.86102,0.93437,0.61341,1.1541,0.6413,0.82918,0.0066736,0.0066736,0.0066736
338,68443.6,1.28757,0.60443,0.84653,0.92875,0.8603,0.93436,0.61338,1.15386,0.64123,0.82916,0.0066637,0.0066637,0.0066637
339,68645.2,1.27716,0.60002,0.84578,0.92877,0.86021,0.93429,0.61374,1.15358,0.64125,0.82911,0.0066538,0.0066538,0.0066538
340,68847.9,1.27041,0.59312,0.84258,0.92871,0.86057,0.93463,0.61398,1.15334,0.6412,0.82906,0.0066439,0.0066439,0.0066439
341,69048.4,1.27512,0.59685,0.84656,0.92833,0.86146,0.93455,0.61415,1.15305,0.64141,0.829,0.006634,0.006634,0.006634
342,69251.6,1.27505,0.59852,0.84499,0.92834,0.86167,0.93452,0.61425,1.1529,0.6415,0.82898,0.0066241,0.0066241,0.0066241
343,69458.2,1.27219,0.59522,0.84562,0.92802,0.8628,0.93487,0.61427,1.15283,0.64165,0.82898,0.0066142,0.0066142,0.0066142
344,69658,1.27501,0.59793,0.84401,0.92799,0.86241,0.93441,0.61437,1.15273,0.64184,0.82897,0.0066043,0.0066043,0.0066043
345,69862.7,1.2714,0.59805,0.84355,0.92759,0.86261,0.9343,0.61455,1.15261,0.64158,0.82894,0.0065944,0.0065944,0.0065944
346,70067.6,1.27626,0.59732,0.84448,0.92693,0.86275,0.93431,0.61462,1.15242,0.6412,0.82892,0.0065845,0.0065845,0.0065845
347,70265.8,1.27342,0.59805,0.84605,0.92695,0.86289,0.93441,0.6146,1.15233,0.641,0.82894,0.0065746,0.0065746,0.0065746
348,70467.1,1.2721,0.5979,0.84481,0.92711,0.86289,0.93458,0.61474,1.15215,0.64074,0.82891,0.0065647,0.0065647,0.0065647
349,70666.6,1.28021,0.59743,0.84582,0.92726,0.86275,0.9346,0.615,1.15188,0.64033,0.82886,0.0065548,0.0065548,0.0065548
350,70873.4,1.27574,0.59905,0.84543,0.92762,0.86289,0.9347,0.61525,1.15174,0.63988,0.82884,0.0065449,0.0065449,0.0065449
351,71071.9,1.26703,0.59467,0.84223,0.92786,0.86247,0.93458,0.61524,1.15162,0.63967,0.82881,0.006535,0.006535,0.006535
352,71273.5,1.27353,0.59836,0.84482,0.92786,0.86247,0.93473,0.61534,1.15137,0.63957,0.82878,0.0065251,0.0065251,0.0065251
353,71480.6,1.28386,0.602,0.84526,0.92721,0.86292,0.9347,0.61534,1.15115,0.63943,0.82873,0.0065152,0.0065152,0.0065152
354,71674.8,1.27852,0.59861,0.84468,0.92722,0.86295,0.93445,0.61523,1.15086,0.63961,0.82869,0.0065053,0.0065053,0.0065053
355,71871.4,1.27445,0.6025,0.84568,0.92707,0.8628,0.93438,0.61542,1.15061,0.63967,0.82866,0.0064954,0.0064954,0.0064954
356,72073.1,1.26644,0.58983,0.84128,0.92809,0.86191,0.93435,0.61569,1.15045,0.63989,0.82865,0.0064855,0.0064855,0.0064855
357,72274.2,1.27606,0.6007,0.84567,0.92798,0.86193,0.93429,0.61567,1.15036,0.64013,0.82866,0.0064756,0.0064756,0.0064756
358,72467.2,1.27646,0.5973,0.846,0.92663,0.8641,0.93439,0.61593,1.15016,0.64031,0.82866,0.0064657,0.0064657,0.0064657
359,72674.6,1.27836,0.59885,0.84587,0.92659,0.86361,0.93421,0.61597,1.15012,0.64055,0.82866,0.0064558,0.0064558,0.0064558
360,72876.1,1.27792,0.5948,0.84467,0.92663,0.86413,0.93445,0.61632,1.14989,0.64049,0.82863,0.0064459,0.0064459,0.0064459
361,73072.6,1.27179,0.60099,0.84558,0.92625,0.86445,0.93447,0.61636,1.14975,0.64044,0.8286,0.006436,0.006436,0.006436
362,73274.6,1.2731,0.59883,0.84387,0.92646,0.86452,0.93468,0.61646,1.14962,0.64041,0.82858,0.0064261,0.0064261,0.0064261
363,73472.2,1.27353,0.59658,0.84552,0.92767,0.8636,0.93475,0.61655,1.14943,0.64045,0.82853,0.0064162,0.0064162,0.0064162
364,73673.4,1.27006,0.59293,0.84221,0.92797,0.86391,0.93508,0.61677,1.14927,0.64061,0.82849,0.0064063,0.0064063,0.0064063
365,73875,1.27276,0.59299,0.84305,0.92788,0.86448,0.9351,0.61695,1.14897,0.64087,0.82844,0.0063964,0.0063964,0.0063964
366,74081.5,1.27138,0.59276,0.84471,0.92816,0.86411,0.93525,0.61689,1.14864,0.64077,0.82841,0.0063865,0.0063865,0.0063865
367,74283,1.26255,0.59056,0.84519,0.92786,0.86419,0.93512,0.61707,1.1483,0.64054,0.82836,0.0063766,0.0063766,0.0063766
368,74479.6,1.26482,0.59306,0.84417,0.92784,0.86452,0.93521,0.61718,1.14809,0.64039,0.82831,0.0063667,0.0063667,0.0063667
369,74685.5,1.26575,0.59054,0.84337,0.92783,0.86439,0.93525,0.61741,1.14778,0.64053,0.82825,0.0063568,0.0063568,0.0063568
370,74887.7,1.28357,0.6007,0.84601,0.92808,0.8636,0.93517,0.61735,1.14752,0.64029,0.8282,0.0063469,0.0063469,0.0063469
371,75085.8,1.27254,0.59494,0.84406,0.92811,0.8639,0.93527,0.61744,1.14729,0.64043,0.82816,0.006337,0.006337,0.006337
372,75279.8,1.26976,0.5944,0.8448,0.92797,0.86392,0.93512,0.61773,1.14712,0.64035,0.82812,0.0063271,0.0063271,0.0063271
373,75473.2,1.28062,0.60311,0.84515,0.92783,0.86439,0.93511,0.61782,1.14693,0.64031,0.82808,0.0063172,0.0063172,0.0063172
374,75669.5,1.26582,0.59159,0.84403,0.92799,0.86411,0.93528,0.61803,1.14674,0.64031,0.82806,0.0063073,0.0063073,0.0063073
375,75870.3,1.27089,0.5919,0.84595,0.92812,0.86414,0.9354,0.61818,1.1466,0.64018,0.82806,0.0062974,0.0062974,0.0062974
376,76070.7,1.27509,0.59375,0.84648,0.92826,0.86452,0.93544,0.61835,1.14655,0.64002,0.82808,0.0062875,0.0062875,0.0062875
377,76270.9,1.26916,0.5942,0.84352,0.92816,0.86479,0.93572,0.61853,1.14648,0.64014,0.82806,0.0062776,0.0062776,0.0062776
378,76471.3,1.27119,0.5946,0.84331,0.92794,0.86479,0.93576,0.61862,1.14645,0.64032,0.82807,0.0062677,0.0062677,0.0062677
379,76671.8,1.2666,0.59034,0.84516,0.9279,0.86478,0.9358,0.61856,1.14651,0.64048,0.82811,0.0062578,0.0062578,0.0062578
380,76876.2,1.27594,0.59649,0.84361,0.92824,0.86425,0.93566,0.61853,1.14655,0.64058,0.8281,0.0062479,0.0062479,0.0062479
381,77075.2,1.27432,0.59703,0.84453,0.92835,0.8633,0.93523,0.61855,1.14652,0.64058,0.82811,0.006238,0.006238,0.006238
382,77269.7,1.269,0.59599,0.84542,0.92809,0.86376,0.93536,0.61862,1.14648,0.64049,0.82811,0.0062281,0.0062281,0.0062281
383,77469.7,1.26263,0.59165,0.84376,0.92887,0.8633,0.93528,0.61868,1.14637,0.64052,0.82811,0.0062182,0.0062182,0.0062182
384,77677.4,1.26709,0.59621,0.84501,0.92906,0.8637,0.93566,0.6187,1.14615,0.64087,0.82807,0.0062083,0.0062083,0.0062083
385,77884,1.26788,0.59316,0.84619,0.92965,0.86343,0.9355,0.61879,1.14595,0.64071,0.82806,0.0061984,0.0061984,0.0061984
386,78086.1,1.25369,0.58972,0.84348,0.92956,0.86336,0.93564,0.61885,1.14574,0.6408,0.82804,0.0061885,0.0061885,0.0061885
387,78284,1.2639,0.58859,0.84439,0.93023,0.86289,0.93558,0.61905,1.14546,0.64062,0.82801,0.0061786,0.0061786,0.0061786
388,78483.5,1.25193,0.58709,0.8434,0.93062,0.86248,0.93565,0.61915,1.14514,0.64022,0.82799,0.0061687,0.0061687,0.0061687
389,78686.4,1.27063,0.5909,0.84438,0.93081,0.86261,0.93559,0.61921,1.14482,0.64015,0.82792,0.0061588,0.0061588,0.0061588
390,78883.5,1.26334,0.59335,0.84359,0.93155,0.86258,0.93566,0.6194,1.1445,0.64003,0.82786,0.0061489,0.0061489,0.0061489
391,79079.8,1.26642,0.58537,0.84178,0.93149,0.86234,0.93569,0.61942,1.14417,0.64008,0.82781,0.006139,0.006139,0.006139
392,79279.5,1.26115,0.59007,0.84462,0.93237,0.86251,0.93584,0.61956,1.14397,0.63996,0.82778,0.0061291,0.0061291,0.0061291
393,79479.6,1.26549,0.59149,0.84396,0.93253,0.86274,0.93603,0.61965,1.14379,0.63997,0.82775,0.0061192,0.0061192,0.0061192
394,79679.9,1.26603,0.58551,0.84213,0.93298,0.86139,0.93612,0.61992,1.14357,0.63985,0.82771,0.0061093,0.0061093,0.0061093
395,79885,1.26584,0.59203,0.8448,0.93325,0.8613,0.93612,0.62009,1.1435,0.63969,0.82768,0.0060994,0.0060994,0.0060994
396,80091.3,1.26202,0.59077,0.84279,0.93368,0.86166,0.93611,0.62006,1.14333,0.63987,0.82764,0.0060895,0.0060895,0.0060895
397,80292.8,1.25542,0.58572,0.84114,0.93328,0.86166,0.93602,0.62004,1.14319,0.63966,0.82764,0.0060796,0.0060796,0.0060796
398,80490.6,1.25955,0.59115,0.84467,0.93355,0.8617,0.93605,0.62007,1.14293,0.63946,0.82761,0.0060697,0.0060697,0.0060697
399,80686.4,1.25543,0.59191,0.84411,0.93379,0.86122,0.93605,0.62026,1.14269,0.63947,0.82761,0.0060598,0.0060598,0.0060598
400,80882.9,1.2642,0.59413,0.84562,0.93395,0.86098,0.93607,0.62038,1.14253,0.63951,0.82759,0.0060499,0.0060499,0.0060499
401,81089.3,1.25533,0.58849,0.84594,0.93381,0.8615,0.93618,0.62053,1.14234,0.63967,0.82759,0.00604,0.00604,0.00604
402,81294.3,1.27176,0.59244,0.84423,0.93398,0.86125,0.93616,0.62059,1.14218,0.63974,0.82757,0.0060301,0.0060301,0.0060301
403,81500,1.26938,0.59286,0.84558,0.93417,0.86066,0.936,0.62077,1.14197,0.64002,0.82754,0.0060202,0.0060202,0.0060202
404,81706.5,1.25799,0.58854,0.8434,0.93445,0.86098,0.93632,0.6209,1.14174,0.6401,0.82752,0.0060103,0.0060103,0.0060103
405,81908.9,1.25195,0.58264,0.8414,0.93389,0.86221,0.93629,0.62107,1.14143,0.64044,0.82749,0.0060004,0.0060004,0.0060004
406,82111.3,1.2657,0.5909,0.84538,0.93493,0.85989,0.93638,0.62113,1.14122,0.64037,0.82749,0.0059905,0.0059905,0.0059905
407,82308.5,1.2551,0.58291,0.8423,0.93444,0.86058,0.93651,0.62138,1.14103,0.64066,0.82749,0.0059806,0.0059806,0.0059806
408,82507.2,1.26018,0.58627,0.84186,0.93484,0.86043,0.93649,0.62128,1.1408,0.64121,0.82745,0.0059707,0.0059707,0.0059707
409,82710.1,1.2589,0.58915,0.84217,0.93512,0.86039,0.9365,0.62123,1.14058,0.64147,0.82742,0.0059608,0.0059608,0.0059608
410,82909.8,1.25482,0.58678,0.84264,0.93518,0.86111,0.93666,0.62139,1.14041,0.64153,0.82742,0.0059509,0.0059509,0.0059509
411,83109.3,1.26708,0.59066,0.84309,0.93543,0.86125,0.9367,0.62157,1.14031,0.64169,0.82743,0.005941,0.005941,0.005941
412,83315.2,1.26362,0.58935,0.84607,0.93559,0.86098,0.93659,0.62168,1.14031,0.64169,0.82745,0.0059311,0.0059311,0.0059311
413,83516.6,1.26201,0.58742,0.84407,0.93576,0.86111,0.93674,0.62168,1.14036,0.64113,0.82746,0.0059212,0.0059212,0.0059212
414,83714.2,1.25963,0.59011,0.84215,0.93582,0.86125,0.93681,0.62172,1.14021,0.64126,0.82744,0.0059113,0.0059113,0.0059113
415,83913.5,1.25684,0.58746,0.84403,0.93544,0.86099,0.93661,0.62167,1.14004,0.6419,0.82739,0.0059014,0.0059014,0.0059014
416,84116.7,1.25973,0.58857,0.84117,0.93567,0.86037,0.93659,0.62174,1.13993,0.64232,0.82737,0.0058915,0.0058915,0.0058915
417,84317.6,1.26584,0.59316,0.84389,0.93652,0.86002,0.9365,0.62192,1.13983,0.64223,0.82733,0.0058816,0.0058816,0.0058816
418,84516,1.26679,0.59187,0.84561,0.93667,0.85975,0.93642,0.62194,1.13962,0.64195,0.8273,0.0058717,0.0058717,0.0058717
419,84718.4,1.27158,0.59088,0.84226,0.93688,0.8598,0.93645,0.6221,1.13949,0.64195,0.82727,0.0058618,0.0058618,0.0058618
420,84924.5,1.25418,0.58437,0.84281,0.93706,0.86043,0.93635,0.62219,1.1394,0.64213,0.82728,0.0058519,0.0058519,0.0058519
421,85126.1,1.25684,0.58392,0.8435,0.93738,0.86043,0.93641,0.62232,1.13923,0.64205,0.82725,0.005842,0.005842,0.005842
422,85332.9,1.25177,0.58135,0.84308,0.93706,0.8603,0.93661,0.62233,1.13922,0.64219,0.8273,0.0058321,0.0058321,0.0058321
423,85533.5,1.25314,0.58126,0.84136,0.93734,0.86057,0.9366,0.62242,1.13923,0.64266,0.82734,0.0058222,0.0058222,0.0058222
424,85739.5,1.25136,0.58572,0.84171,0.93722,0.86062,0.93659,0.62246,1.13908,0.64284,0.82732,0.0058123,0.0058123,0.0058123
425,85937.7,1.24596,0.58669,0.84262,0.93768,0.86043,0.93654,0.62249,1.13888,0.64317,0.82732,0.0058024,0.0058024,0.0058024
426,86136,1.25138,0.58436,0.84259,0.93732,0.8603,0.93671,0.62269,1.13871,0.64382,0.82731,0.0057925,0.0057925,0.0057925
427,86336.3,1.25674,0.58665,0.84172,0.93745,0.85993,0.93662,0.62271,1.13846,0.6443,0.82728,0.0057826,0.0057826,0.0057826
428,86537.5,1.25893,0.58613,0.84223,0.93728,0.86002,0.93658,0.62272,1.13823,0.64468,0.82725,0.0057727,0.0057727,0.0057727
429,86739.1,1.25689,0.59113,0.84378,0.93748,0.86002,0.93646,0.62282,1.13811,0.64458,0.82726,0.0057628,0.0057628,0.0057628
430,86951,1.25242,0.58384,0.84179,0.93812,0.85963,0.93651,0.62283,1.138,0.64423,0.82727,0.0057529,0.0057529,0.0057529
431,87151.5,1.24926,0.58658,0.84079,0.93916,0.85975,0.9368,0.62313,1.13784,0.64355,0.82729,0.005743,0.005743,0.005743
432,87356.6,1.26065,0.58791,0.84283,0.94004,0.85904,0.93688,0.62317,1.13767,0.64312,0.8273,0.0057331,0.0057331,0.0057331
433,87554.1,1.25612,0.58442,0.84234,0.94057,0.8585,0.93691,0.62344,1.13747,0.6427,0.82731,0.0057232,0.0057232,0.0057232
434,87762,1.2513,0.58407,0.84104,0.94044,0.85862,0.93685,0.62348,1.13729,0.64245,0.82734,0.0057133,0.0057133,0.0057133
435,87966.6,1.2514,0.58591,0.84238,0.94057,0.85846,0.93674,0.62368,1.13703,0.64229,0.82733,0.0057034,0.0057034,0.0057034
436,88164.7,1.24916,0.58581,0.84321,0.94126,0.8584,0.93684,0.62385,1.13687,0.64223,0.82735,0.0056935,0.0056935,0.0056935
437,88368.7,1.25135,0.58204,0.84113,0.94144,0.85825,0.93681,0.62382,1.1366,0.64202,0.82734,0.0056836,0.0056836,0.0056836
438,88567.5,1.25187,0.58232,0.84097,0.94167,0.8581,0.93681,0.624,1.13629,0.6419,0.82731,0.0056737,0.0056737,0.0056737
439,88769.2,1.25266,0.58258,0.84177,0.94139,0.85812,0.93684,0.62423,1.13602,0.6416,0.82729,0.0056638,0.0056638,0.0056638
440,88975.1,1.24545,0.57854,0.84147,0.94141,0.8585,0.93682,0.62442,1.13586,0.64118,0.82727,0.0056539,0.0056539,0.0056539
441,89183.6,1.24948,0.5846,0.8417,0.94152,0.85797,0.93672,0.62444,1.13559,0.64109,0.82723,0.005644,0.005644,0.005644
442,89396.9,1.24828,0.58458,0.84229,0.9414,0.85853,0.93671,0.62462,1.13531,0.6409,0.82716,0.0056341,0.0056341,0.0056341
443,89600.1,1.2435,0.58194,0.84183,0.94188,0.85853,0.93706,0.62472,1.13508,0.64093,0.8271,0.0056242,0.0056242,0.0056242
444,89801.5,1.25505,0.58435,0.84291,0.94184,0.85863,0.93737,0.62503,1.13484,0.64124,0.82706,0.0056143,0.0056143,0.0056143
445,90000.1,1.25738,0.58348,0.84257,0.94192,0.85866,0.93737,0.62508,1.13456,0.64084,0.82703,0.0056044,0.0056044,0.0056044
446,90200.7,1.25116,0.58313,0.84139,0.94197,0.85838,0.93735,0.6252,1.13432,0.64036,0.82701,0.0055945,0.0055945,0.0055945
447,90402.1,1.25076,0.58533,0.84282,0.94212,0.85839,0.93746,0.62534,1.13417,0.64078,0.82699,0.0055846,0.0055846,0.0055846
448,90605.6,1.24477,0.58038,0.8407,0.94268,0.85853,0.93758,0.62534,1.13402,0.64074,0.82698,0.0055747,0.0055747,0.0055747
449,90805.8,1.2543,0.58352,0.84205,0.94239,0.85835,0.9373,0.62552,1.13386,0.64031,0.82695,0.0055648,0.0055648,0.0055648
450,91006,1.24802,0.57725,0.83988,0.94215,0.85866,0.9373,0.62554,1.1337,0.6399,0.82695,0.0055549,0.0055549,0.0055549
451,91209.2,1.24866,0.58231,0.84125,0.94293,0.85771,0.93725,0.62565,1.13352,0.63959,0.82695,0.005545,0.005545,0.005545
452,91409.5,1.25736,0.58698,0.8427,0.94316,0.85784,0.93736,0.62569,1.13342,0.63957,0.82692,0.0055351,0.0055351,0.0055351
453,91613.9,1.25117,0.58053,0.84072,0.94306,0.85785,0.93764,0.62586,1.13323,0.64007,0.8269,0.0055252,0.0055252,0.0055252
454,91819,1.25123,0.57871,0.84115,0.9436,0.85746,0.93728,0.62576,1.13299,0.64011,0.82687,0.0055153,0.0055153,0.0055153
455,92019,1.25092,0.58448,0.84181,0.94296,0.85812,0.93726,0.62589,1.13271,0.6401,0.82682,0.0055054,0.0055054,0.0055054
456,92218.8,1.25275,0.5843,0.84266,0.94254,0.85855,0.9373,0.62589,1.13253,0.64005,0.82679,0.0054955,0.0054955,0.0054955
457,92419.8,1.24683,0.58371,0.84171,0.94197,0.85842,0.9373,0.62598,1.13231,0.63995,0.82677,0.0054856,0.0054856,0.0054856
458,92618.5,1.24496,0.58127,0.84045,0.94202,0.85839,0.93736,0.62616,1.13198,0.63965,0.82671,0.0054757,0.0054757,0.0054757
459,92817.3,1.24608,0.58065,0.84094,0.94238,0.85822,0.93737,0.62634,1.1317,0.63978,0.82666,0.0054658,0.0054658,0.0054658
460,93017.9,1.23961,0.5783,0.8407,0.94278,0.85788,0.93743,0.62642,1.13145,0.63964,0.82664,0.0054559,0.0054559,0.0054559
461,93220.6,1.24559,0.58061,0.84033,0.94234,0.85812,0.93747,0.62652,1.13123,0.63977,0.82664,0.005446,0.005446,0.005446
462,93416.8,1.24769,0.58539,0.84109,0.9429,0.85812,0.93748,0.62653,1.13107,0.63997,0.82661,0.0054361,0.0054361,0.0054361
463,93618.4,1.23797,0.57746,0.84098,0.94292,0.85777,0.93738,0.62642,1.13101,0.64035,0.82661,0.0054262,0.0054262,0.0054262
464,93817.9,1.25362,0.58419,0.84158,0.94264,0.85784,0.93733,0.62644,1.13083,0.64001,0.82658,0.0054163,0.0054163,0.0054163
465,94022,1.23902,0.57942,0.84139,0.94305,0.85758,0.93728,0.62632,1.13061,0.64006,0.82653,0.0054064,0.0054064,0.0054064
466,94225.3,1.23982,0.57482,0.83968,0.94278,0.85783,0.93741,0.62666,1.13032,0.64025,0.82647,0.0053965,0.0053965,0.0053965
467,94426.9,1.24753,0.57927,0.84125,0.94321,0.85788,0.93756,0.62667,1.13012,0.64001,0.82646,0.0053866,0.0053866,0.0053866
468,94623.5,1.25405,0.58346,0.84198,0.94264,0.85866,0.93822,0.62707,1.12972,0.64019,0.82638,0.0053767,0.0053767,0.0053767
469,94831.5,1.24912,0.58347,0.84323,0.94256,0.85887,0.9382,0.62713,1.12952,0.64052,0.82635,0.0053668,0.0053668,0.0053668
470,95029.5,1.24648,0.57837,0.84114,0.94266,0.85893,0.93808,0.62709,1.12925,0.64104,0.82632,0.0053569,0.0053569,0.0053569
471,95229.5,1.24102,0.58214,0.84097,0.94404,0.85798,0.9383,0.62713,1.12906,0.64117,0.82629,0.005347,0.005347,0.005347
472,95435.3,1.24721,0.58043,0.84094,0.94364,0.85801,0.93831,0.62714,1.12901,0.64098,0.82632,0.0053371,0.0053371,0.0053371
473,95636.7,1.24963,0.58227,0.84154,0.94432,0.85757,0.93807,0.62726,1.12897,0.64055,0.82633,0.0053272,0.0053272,0.0053272
474,95845.3,1.23539,0.57631,0.84051,0.9443,0.85757,0.93819,0.62734,1.12886,0.64036,0.8263,0.0053173,0.0053173,0.0053173
475,96044.1,1.23596,0.57579,0.84345,0.94334,0.85784,0.93791,0.62732,1.12863,0.64067,0.82629,0.0053074,0.0053074,0.0053074
476,96245.2,1.24874,0.58078,0.84218,0.94346,0.85784,0.93787,0.62729,1.12846,0.64076,0.82626,0.0052975,0.0052975,0.0052975
477,96445.6,1.24458,0.57664,0.84024,0.94379,0.85757,0.93799,0.62745,1.12826,0.64051,0.82623,0.0052876,0.0052876,0.0052876
478,96653.5,1.2395,0.57531,0.84158,0.94384,0.85757,0.93801,0.62744,1.12807,0.64011,0.82621,0.0052777,0.0052777,0.0052777
479,96854.5,1.23535,0.57321,0.84168,0.9434,0.85771,0.93804,0.62758,1.12795,0.6399,0.82619,0.0052678,0.0052678,0.0052678
480,97051.2,1.25115,0.58274,0.84154,0.94304,0.85745,0.93798,0.62771,1.12779,0.63984,0.82615,0.0052579,0.0052579,0.0052579
481,97256.9,1.24169,0.57908,0.84317,0.9426,0.85725,0.93765,0.6277,1.12759,0.63968,0.82611,0.005248,0.005248,0.005248
482,97458.3,1.24572,0.58026,0.84179,0.94304,0.85743,0.9378,0.62784,1.12745,0.63949,0.82609,0.0052381,0.0052381,0.0052381
483,97657.2,1.23785,0.57578,0.83963,0.9428,0.85771,0.93777,0.62781,1.1273,0.63957,0.82606,0.0052282,0.0052282,0.0052282
484,97864.1,1.23451,0.57595,0.84011,0.94278,0.85798,0.93814,0.62793,1.12715,0.63993,0.82602,0.0052183,0.0052183,0.0052183
485,98061.7,1.245,0.5815,0.8417,0.94292,0.85785,0.93797,0.62796,1.12687,0.6395,0.826,0.0052084,0.0052084,0.0052084
486,98262.5,1.24237,0.57766,0.84124,0.94318,0.85754,0.93795,0.62799,1.12669,0.63904,0.82597,0.0051985,0.0051985,0.0051985
487,98464.5,1.2573,0.58279,0.84163,0.94281,0.85833,0.93793,0.62807,1.12639,0.63871,0.82593,0.0051886,0.0051886,0.0051886
488,98672.6,1.24437,0.57882,0.8427,0.94323,0.8582,0.93814,0.6282,1.12608,0.63921,0.82589,0.0051787,0.0051787,0.0051787
489,98874.1,1.245,0.57788,0.84119,0.94397,0.85866,0.93812,0.62826,1.12591,0.63898,0.82589,0.0051688,0.0051688,0.0051688
490,99080.9,1.23416,0.57398,0.83884,0.94426,0.85887,0.93796,0.62803,1.12578,0.63869,0.82588,0.0051589,0.0051589,0.0051589
491,99280.9,1.23665,0.57597,0.84015,0.94428,0.8593,0.93806,0.6281,1.12565,0.63829,0.82588,0.005149,0.005149,0.005149
492,99480.9,1.24538,0.58644,0.83977,0.94465,0.85921,0.93817,0.62822,1.1256,0.63841,0.82588,0.0051391,0.0051391,0.0051391
493,99692,1.24678,0.57798,0.84105,0.94399,0.85975,0.93818,0.62819,1.12557,0.63873,0.8259,0.0051292,0.0051292,0.0051292
494,99893.1,1.2408,0.57901,0.84283,0.94456,0.85927,0.93821,0.62829,1.12536,0.63842,0.82586,0.0051193,0.0051193,0.0051193
495,100096,1.24179,0.576,0.84149,0.94402,0.85957,0.93818,0.62827,1.12523,0.63825,0.82582,0.0051094,0.0051094,0.0051094
496,100292,1.23671,0.57785,0.83793,0.94389,0.86016,0.93816,0.62827,1.1251,0.63802,0.82581,0.0050995,0.0050995,0.0050995
497,100491,1.24221,0.5737,0.83988,0.94329,0.86155,0.93827,0.62838,1.12492,0.63777,0.8258,0.0050896,0.0050896,0.0050896
498,100699,1.24325,0.57728,0.84143,0.94342,0.86133,0.93827,0.62839,1.12477,0.63758,0.82577,0.0050797,0.0050797,0.0050797
499,100897,1.24621,0.5793,0.84031,0.94428,0.86071,0.93854,0.6285,1.12458,0.6374,0.82572,0.0050698,0.0050698,0.0050698
500,101096,1.24282,0.57971,0.84192,0.94426,0.86071,0.9386,0.6284,1.12433,0.63699,0.82566,0.0050599,0.0050599,0.0050599
501,101300,1.23463,0.57641,0.84199,0.94414,0.86057,0.93845,0.62843,1.12409,0.63705,0.82561,0.00505,0.00505,0.00505
502,101504,1.23451,0.57353,0.8383,0.94407,0.86043,0.93836,0.62845,1.12387,0.63745,0.82556,0.0050401,0.0050401,0.0050401
503,101710,1.23463,0.56982,0.83986,0.944,0.86043,0.93836,0.62855,1.12361,0.63734,0.82551,0.0050302,0.0050302,0.0050302
504,101910,1.23266,0.57079,0.83964,0.94395,0.86076,0.93832,0.62868,1.12334,0.63726,0.82545,0.0050203,0.0050203,0.0050203
505,102114,1.24119,0.57733,0.84059,0.94381,0.86085,0.9382,0.62864,1.12313,0.63714,0.82537,0.0050104,0.0050104,0.0050104
506,102316,1.23442,0.57259,0.83887,0.94429,0.8594,0.93823,0.62863,1.12292,0.63667,0.82534,0.0050005,0.0050005,0.0050005
507,102516,1.24025,0.57393,0.8405,0.94414,0.8593,0.93818,0.62867,1.12276,0.63625,0.82531,0.0049906,0.0049906,0.0049906
508,102716,1.23686,0.57426,0.84041,0.94401,0.85939,0.93803,0.62875,1.12261,0.63625,0.82528,0.0049807,0.0049807,0.0049807
509,102914,1.23774,0.57448,0.84011,0.94372,0.85938,0.93797,0.62885,1.12248,0.63638,0.82526,0.0049708,0.0049708,0.0049708
510,103117,1.23029,0.56737,0.84098,0.9444,0.85895,0.93801,0.62893,1.12227,0.63672,0.82523,0.0049609,0.0049609,0.0049609
511,103319,1.23791,0.57554,0.84139,0.94423,0.85948,0.93807,0.62902,1.1221,0.63723,0.8252,0.004951,0.004951,0.004951
512,103518,1.22807,0.56943,0.83993,0.94417,0.85967,0.93813,0.62916,1.12202,0.63694,0.82519,0.0049411,0.0049411,0.0049411
513,103720,1.23888,0.57407,0.84039,0.94373,0.85942,0.93799,0.62933,1.12188,0.6365,0.82514,0.0049312,0.0049312,0.0049312
514,103919,1.23608,0.57186,0.84092,0.94353,0.85921,0.93801,0.62948,1.12201,0.63626,0.82516,0.0049213,0.0049213,0.0049213
515,104120,1.2346,0.57245,0.83987,0.94277,0.85985,0.93805,0.62967,1.12208,0.63609,0.82517,0.0049114,0.0049114,0.0049114
516,104320,1.23182,0.57154,0.84057,0.94264,0.86006,0.93822,0.62987,1.12212,0.63566,0.82521,0.0049015,0.0049015,0.0049015
517,104520,1.23675,0.57319,0.84146,0.94225,0.86057,0.93816,0.63003,1.122,0.63552,0.82519,0.0048916,0.0048916,0.0048916
518,104720,1.22958,0.56804,0.83889,0.94238,0.8604,0.93802,0.63008,1.12192,0.63562,0.82518,0.0048817,0.0048817,0.0048817
519,104921,1.22821,0.56749,0.84052,0.94225,0.8606,0.93806,0.62988,1.12178,0.63527,0.82516,0.0048718,0.0048718,0.0048718
520,105124,1.2315,0.57405,0.83859,0.94212,0.8608,0.93837,0.63006,1.12162,0.63512,0.82516,0.0048619,0.0048619,0.0048619
521,105321,1.23502,0.57195,0.84035,0.94078,0.86152,0.93821,0.6302,1.12142,0.63468,0.82516,0.004852,0.004852,0.004852
522,105523,1.2355,0.57456,0.84115,0.94039,0.8618,0.93818,0.63011,1.12128,0.63388,0.82516,0.0048421,0.0048421,0.0048421
523,105730,1.23072,0.57412,0.83868,0.94074,0.86166,0.93825,0.63005,1.12113,0.63325,0.82516,0.0048322,0.0048322,0.0048322
524,105931,1.22899,0.56881,0.83847,0.94024,0.86203,0.93834,0.63008,1.12101,0.63242,0.82514,0.0048223,0.0048223,0.0048223
525,106132,1.23252,0.56923,0.8383,0.94104,0.86221,0.93829,0.63016,1.12079,0.63171,0.82511,0.0048124,0.0048124,0.0048124
526,106334,1.21934,0.56517,0.84028,0.9408,0.86205,0.93807,0.63022,1.1207,0.63115,0.82512,0.0048025,0.0048025,0.0048025
527,106540,1.22862,0.56964,0.84002,0.94102,0.86207,0.93807,0.63017,1.1205,0.63014,0.82508,0.0047926,0.0047926,0.0047926
528,106738,1.2319,0.5703,0.84024,0.94083,0.86245,0.93802,0.63028,1.12028,0.62968,0.82504,0.0047827,0.0047827,0.0047827
529,106948,1.23376,0.57003,0.83922,0.94015,0.86274,0.93781,0.63031,1.12,0.62883,0.82498,0.0047728,0.0047728,0.0047728
530,107159,1.2285,0.57198,0.83844,0.93985,0.86289,0.93787,0.63028,1.11979,0.62801,0.82492,0.0047629,0.0047629,0.0047629
531,107361,1.22438,0.56934,0.8395,0.93989,0.86289,0.93802,0.63027,1.11967,0.62736,0.82488,0.004753,0.004753,0.004753
532,107570,1.23756,0.57052,0.84134,0.93977,0.86275,0.93807,0.63032,1.11953,0.62647,0.82484,0.0047431,0.0047431,0.0047431
533,107776,1.2276,0.56831,0.83921,0.94002,0.86289,0.93813,0.63041,1.11947,0.6257,0.82483,0.0047332,0.0047332,0.0047332
534,107986,1.23161,0.56749,0.83892,0.9401,0.86289,0.93801,0.6305,1.11929,0.62519,0.82481,0.0047233,0.0047233,0.0047233
535,108178,1.22634,0.56721,0.83874,0.93947,0.86289,0.93797,0.63058,1.11922,0.6253,0.82481,0.0047134,0.0047134,0.0047134
536,108383,1.22992,0.56825,0.83754,0.93923,0.86289,0.93807,0.63054,1.11914,0.6254,0.82483,0.0047035,0.0047035,0.0047035
537,108583,1.22956,0.57111,0.83883,0.93953,0.86275,0.93799,0.63056,1.11898,0.62545,0.8248,0.0046936,0.0046936,0.0046936
538,108783,1.22316,0.56886,0.84066,0.93919,0.86303,0.93801,0.63068,1.11873,0.6257,0.82477,0.0046837,0.0046837,0.0046837
539,108987,1.21864,0.5674,0.83811,0.93948,0.86343,0.93835,0.63075,1.11853,0.62563,0.82476,0.0046738,0.0046738,0.0046738
540,109184,1.2301,0.56894,0.83921,0.93997,0.8633,0.93854,0.63083,1.11844,0.62544,0.82476,0.0046639,0.0046639,0.0046639
541,109378,1.22321,0.56548,0.84005,0.93965,0.86363,0.93852,0.63093,1.11829,0.62562,0.82475,0.004654,0.004654,0.004654
542,109576,1.22807,0.5701,0.83914,0.9398,0.86386,0.93848,0.63104,1.11804,0.62526,0.82473,0.0046441,0.0046441,0.0046441
543,109777,1.23244,0.57181,0.84203,0.9398,0.86392,0.93835,0.63114,1.11787,0.62436,0.82471,0.0046342,0.0046342,0.0046342
544,109975,1.21806,0.56481,0.83728,0.94009,0.86343,0.93839,0.63127,1.11776,0.6237,0.82469,0.0046243,0.0046243,0.0046243
545,110179,1.22215,0.5661,0.8388,0.93864,0.86527,0.93843,0.63147,1.11764,0.62347,0.82467,0.0046144,0.0046144,0.0046144
546,110384,1.2343,0.57096,0.83979,0.93889,0.86507,0.93827,0.63147,1.11739,0.62317,0.82471,0.0046045,0.0046045,0.0046045
547,110587,1.22833,0.56885,0.83706,0.93862,0.8652,0.9381,0.63158,1.11719,0.62273,0.82466,0.0045946,0.0045946,0.0045946
548,110788,1.22483,0.56661,0.84203,0.9386,0.86507,0.93813,0.6316,1.11702,0.62306,0.82461,0.0045847,0.0045847,0.0045847
549,110996,1.22179,0.56284,0.83874,0.93897,0.86452,0.93809,0.63164,1.11681,0.6229,0.82457,0.0045748,0.0045748,0.0045748
550,111196,1.22211,0.56807,0.83699,0.93952,0.86398,0.938,0.63172,1.11664,0.62282,0.82455,0.0045649,0.0045649,0.0045649
551,111396,1.21592,0.56628,0.83945,0.93981,0.86402,0.93827,0.6318,1.1164,0.62241,0.82452,0.004555,0.004555,0.004555
552,111597,1.21629,0.56423,0.83897,0.93928,0.86444,0.93831,0.63186,1.1162,0.62223,0.82449,0.0045451,0.0045451,0.0045451
553,111793,1.22097,0.56641,0.83938,0.9395,0.86425,0.93839,0.6319,1.11612,0.62165,0.82453,0.0045352,0.0045352,0.0045352
554,111991,1.21789,0.56491,0.83647,0.93992,0.86411,0.93852,0.63204,1.11597,0.62079,0.82453,0.0045253,0.0045253,0.0045253
555,112185,1.22105,0.56722,0.83831,0.93929,0.86456,0.93833,0.63211,1.11567,0.62023,0.82449,0.0045154,0.0045154,0.0045154
556,112388,1.22649,0.56728,0.83783,0.93941,0.86427,0.93831,0.63214,1.11547,0.62003,0.82447,0.0045055,0.0045055,0.0045055
557,112590,1.21852,0.56337,0.83928,0.93945,0.86398,0.93829,0.63211,1.11531,0.61991,0.82445,0.0044956,0.0044956,0.0044956
558,112792,1.22212,0.56667,0.83908,0.9395,0.86425,0.93845,0.63221,1.1151,0.61941,0.82444,0.0044857,0.0044857,0.0044857
559,112997,1.21651,0.56713,0.83808,0.93943,0.86411,0.93841,0.63236,1.11493,0.61883,0.8244,0.0044758,0.0044758,0.0044758
560,113199,1.22567,0.56652,0.8393,0.9394,0.86415,0.93848,0.63236,1.11494,0.61875,0.82442,0.0044659,0.0044659,0.0044659
561,113401,1.22501,0.56409,0.83728,0.93886,0.86439,0.93857,0.63243,1.11483,0.61857,0.82441,0.004456,0.004456,0.004456
562,113604,1.21633,0.56291,0.83898,0.93868,0.86439,0.93851,0.63254,1.11473,0.61871,0.8244,0.0044461,0.0044461,0.0044461
563,113805,1.22285,0.56763,0.83977,0.93829,0.86452,0.93836,0.63267,1.11452,0.61881,0.82437,0.0044362,0.0044362,0.0044362
564,114006,1.22248,0.56286,0.83799,0.93861,0.86439,0.9383,0.63271,1.11431,0.61894,0.82436,0.0044263,0.0044263,0.0044263
565,114204,1.22288,0.56652,0.83899,0.93889,0.86466,0.93829,0.63277,1.11413,0.61865,0.82434,0.0044164,0.0044164,0.0044164
566,114402,1.22046,0.56406,0.83903,0.93956,0.86425,0.93809,0.63282,1.11404,0.61843,0.8243,0.0044065,0.0044065,0.0044065
567,114600,1.21608,0.56263,0.83816,0.93943,0.86455,0.9382,0.63278,1.11404,0.61814,0.8243,0.0043966,0.0043966,0.0043966
568,114801,1.21652,0.56305,0.83676,0.93943,0.86439,0.938,0.63296,1.11398,0.61807,0.82427,0.0043867,0.0043867,0.0043867
569,114999,1.22076,0.56132,0.83815,0.93958,0.86439,0.93801,0.63314,1.11378,0.6181,0.82424,0.0043768,0.0043768,0.0043768
570,115201,1.22403,0.56561,0.84063,0.93931,0.86494,0.93828,0.63318,1.11366,0.61819,0.82423,0.0043669,0.0043669,0.0043669
571,115405,1.22675,0.56863,0.83957,0.9391,0.86596,0.93865,0.6334,1.11354,0.61822,0.82421,0.004357,0.004357,0.004357
572,115604,1.22635,0.56368,0.83908,0.93879,0.86616,0.93877,0.63345,1.11343,0.61801,0.82417,0.0043471,0.0043471,0.0043471
573,115804,1.2252,0.56548,0.83972,0.93809,0.86629,0.93881,0.63366,1.1133,0.61791,0.82414,0.0043372,0.0043372,0.0043372
574,116003,1.21837,0.56395,0.83806,0.93831,0.86655,0.93931,0.63373,1.11311,0.61798,0.82409,0.0043273,0.0043273,0.0043273
575,116203,1.21661,0.56284,0.83733,0.9377,0.8677,0.93962,0.6337,1.11302,0.61768,0.82406,0.0043174,0.0043174,0.0043174
576,116408,1.21276,0.56528,0.83768,0.9378,0.86807,0.93955,0.63384,1.11292,0.61764,0.82404,0.0043075,0.0043075,0.0043075
577,116604,1.21467,0.55957,0.83684,0.93785,0.86794,0.93949,0.63374,1.11275,0.61744,0.82401,0.0042976,0.0042976,0.0042976
578,116808,1.21887,0.56299,0.83875,0.93812,0.86787,0.93922,0.63373,1.11254,0.61712,0.82397,0.0042877,0.0042877,0.0042877
579,117008,1.22602,0.56004,0.83655,0.93799,0.86798,0.93961,0.63383,1.1124,0.61672,0.82395,0.0042778,0.0042778,0.0042778
580,117211,1.22484,0.56464,0.83648,0.93701,0.86929,0.93959,0.63384,1.11236,0.6163,0.82394,0.0042679,0.0042679,0.0042679
581,117409,1.22119,0.56257,0.83945,0.93706,0.86957,0.93975,0.63389,1.11222,0.61621,0.82391,0.004258,0.004258,0.004258
582,117610,1.21651,0.56264,0.83687,0.93711,0.8697,0.93973,0.63408,1.11208,0.61596,0.82388,0.0042481,0.0042481,0.0042481
583,117819,1.2193,0.5642,0.8374,0.9375,0.86997,0.93969,0.63424,1.11189,0.61543,0.82384,0.0042382,0.0042382,0.0042382
584,118019,1.20894,0.5577,0.83769,0.93744,0.87011,0.93978,0.63426,1.11173,0.61517,0.82382,0.0042283,0.0042283,0.0042283
585,118223,1.22369,0.56505,0.83879,0.93784,0.86987,0.93987,0.63454,1.11155,0.61486,0.82377,0.0042184,0.0042184,0.0042184
586,118420,1.21775,0.56011,0.83739,0.93781,0.86957,0.93971,0.63457,1.11139,0.61474,0.82373,0.0042085,0.0042085,0.0042085
587,118621,1.21067,0.56038,0.83629,0.93796,0.86955,0.93983,0.63456,1.11124,0.61464,0.82369,0.0041986,0.0041986,0.0041986
588,118822,1.21449,0.56389,0.83826,0.93826,0.86987,0.93993,0.6344,1.11102,0.61445,0.82365,0.0041887,0.0041887,0.0041887
589,119021,1.21122,0.55973,0.83709,0.93836,0.86939,0.94006,0.63446,1.11076,0.61449,0.82361,0.0041788,0.0041788,0.0041788
590,119217,1.20922,0.55744,0.8356,0.93807,0.86916,0.94004,0.63459,1.11053,0.61453,0.82359,0.0041689,0.0041689,0.0041689
591,119418,1.22146,0.56581,0.83866,0.93837,0.86902,0.94,0.63468,1.11034,0.61439,0.82356,0.004159,0.004159,0.004159
592,119619,1.21392,0.5617,0.83968,0.93873,0.86916,0.93998,0.63483,1.11002,0.61397,0.82351,0.0041491,0.0041491,0.0041491
593,119816,1.21862,0.56353,0.83866,0.93834,0.86943,0.94,0.63469,1.10975,0.61374,0.8235,0.0041392,0.0041392,0.0041392
594,120014,1.2134,0.56086,0.83728,0.93864,0.86942,0.93992,0.63468,1.10957,0.61379,0.82347,0.0041293,0.0041293,0.0041293
595,120220,1.2162,0.56055,0.8392,0.93895,0.86943,0.93976,0.63459,1.10937,0.61354,0.82346,0.0041194,0.0041194,0.0041194
596,120416,1.21882,0.56296,0.83705,0.93923,0.86984,0.93998,0.63466,1.10916,0.61342,0.82342,0.0041095,0.0041095,0.0041095
597,120616,1.21216,0.56097,0.83826,0.93896,0.87011,0.93987,0.63477,1.109,0.6134,0.82341,0.0040996,0.0040996,0.0040996
598,120821,1.21437,0.55856,0.83579,0.93819,0.87025,0.93975,0.63478,1.10884,0.61325,0.82337,0.0040897,0.0040897,0.0040897
599,121016,1.21545,0.56094,0.83733,0.93882,0.87011,0.93981,0.63475,1.10871,0.61302,0.82335,0.0040798,0.0040798,0.0040798
600,121216,1.2135,0.56067,0.83684,0.93845,0.87068,0.93981,0.63498,1.1086,0.61287,0.82335,0.0040699,0.0040699,0.0040699
601,121417,1.203,0.55586,0.83585,0.93841,0.87134,0.93996,0.63495,1.10846,0.61327,0.82335,0.00406,0.00406,0.00406
602,121618,1.21778,0.55991,0.83679,0.93868,0.86996,0.93972,0.63512,1.10832,0.61323,0.8233,0.0040501,0.0040501,0.0040501
603,121823,1.20965,0.55856,0.838,0.93793,0.87116,0.93971,0.63526,1.10818,0.61306,0.82329,0.0040402,0.0040402,0.0040402
604,122024,1.20168,0.5578,0.83594,0.93813,0.87106,0.93971,0.63514,1.10805,0.61277,0.82328,0.0040303,0.0040303,0.0040303
605,122223,1.20878,0.55853,0.83718,0.93775,0.87106,0.93952,0.63525,1.10789,0.61283,0.82328,0.0040204,0.0040204,0.0040204
606,122424,1.21246,0.55873,0.83588,0.9373,0.87147,0.93943,0.63541,1.10789,0.61231,0.8233,0.0040105,0.0040105,0.0040105
607,122623,1.2085,0.55621,0.83726,0.93685,0.87152,0.93945,0.6355,1.10778,0.61175,0.82329,0.0040006,0.0040006,0.0040006
608,122823,1.20433,0.55543,0.83788,0.93846,0.87092,0.93974,0.63557,1.10774,0.61165,0.82331,0.0039907,0.0039907,0.0039907
609,123025,1.20808,0.55596,0.83542,0.93846,0.87093,0.93986,0.63566,1.1076,0.61154,0.82325,0.0039808,0.0039808,0.0039808
610,123224,1.21205,0.55673,0.83741,0.93856,0.87034,0.93979,0.63559,1.10745,0.61138,0.82323,0.0039709,0.0039709,0.0039709
611,123427,1.21207,0.55818,0.83597,0.93826,0.86996,0.93961,0.63584,1.10731,0.61146,0.8232,0.003961,0.003961,0.003961
612,123632,1.20633,0.55641,0.83671,0.93854,0.87011,0.93972,0.63591,1.10717,0.61121,0.82318,0.0039511,0.0039511,0.0039511
613,123835,1.21175,0.56206,0.83744,0.93883,0.87011,0.93972,0.63608,1.10707,0.61132,0.82318,0.0039412,0.0039412,0.0039412
614,124034,1.20711,0.55489,0.83791,0.93866,0.87038,0.93985,0.63605,1.10701,0.61113,0.82316,0.0039313,0.0039313,0.0039313
615,124236,1.20637,0.55474,0.83617,0.93871,0.87043,0.93991,0.63631,1.10689,0.61078,0.82315,0.0039214,0.0039214,0.0039214
616,124437,1.21576,0.56251,0.83701,0.93894,0.86977,0.93975,0.63639,1.10671,0.61038,0.82313,0.0039115,0.0039115,0.0039115
617,124642,1.21166,0.55831,0.83674,0.9384,0.87003,0.9398,0.63643,1.1066,0.61007,0.82313,0.0039016,0.0039016,0.0039016
618,124841,1.20318,0.55428,0.83598,0.9384,0.86992,0.93981,0.63644,1.10648,0.60971,0.82315,0.0038917,0.0038917,0.0038917
619,125044,1.20364,0.55667,0.83625,0.93849,0.86984,0.93972,0.63641,1.1063,0.60923,0.82313,0.0038818,0.0038818,0.0038818
620,125247,1.21339,0.56255,0.83881,0.9387,0.8697,0.93966,0.63647,1.10611,0.60893,0.82311,0.0038719,0.0038719,0.0038719
621,125446,1.20977,0.55746,0.83775,0.93868,0.86999,0.93966,0.63664,1.10603,0.60857,0.8231,0.003862,0.003862,0.003862
622,125648,1.21255,0.55761,0.83693,0.93935,0.86984,0.93972,0.63664,1.10595,0.60852,0.82306,0.0038521,0.0038521,0.0038521
623,125845,1.21149,0.55565,0.83721,0.93934,0.8695,0.93955,0.63668,1.10579,0.60864,0.82306,0.0038422,0.0038422,0.0038422
624,126043,1.20652,0.55866,0.83791,0.93972,0.86904,0.93944,0.63655,1.10575,0.60846,0.82309,0.0038323,0.0038323,0.0038323
625,126244,1.21099,0.55907,0.83801,0.93949,0.86902,0.93952,0.63657,1.10566,0.6083,0.82307,0.0038224,0.0038224,0.0038224
626,126448,1.20796,0.55874,0.83672,0.93922,0.86984,0.93955,0.63662,1.10561,0.60822,0.82306,0.0038125,0.0038125,0.0038125
627,126644,1.20378,0.55232,0.83486,0.93981,0.86957,0.93945,0.6365,1.10555,0.6081,0.82306,0.0038026,0.0038026,0.0038026
628,126840,1.20686,0.55461,0.83683,0.93945,0.86916,0.93939,0.63646,1.1054,0.60807,0.82306,0.0037927,0.0037927,0.0037927
629,127038,1.20677,0.55596,0.83751,0.93919,0.86916,0.93922,0.63638,1.10524,0.60804,0.82305,0.0037828,0.0037828,0.0037828
630,127236,1.19564,0.55207,0.83615,0.93948,0.86956,0.93929,0.63642,1.10506,0.60803,0.82304,0.0037729,0.0037729,0.0037729
631,127435,1.21052,0.55431,0.83575,0.93885,0.87055,0.93949,0.63646,1.10497,0.60776,0.82303,0.003763,0.003763,0.003763
632,127636,1.19857,0.54989,0.83498,0.93914,0.87066,0.93951,0.63658,1.10484,0.60754,0.82302,0.0037531,0.0037531,0.0037531
633,127836,1.20135,0.55303,0.83556,0.93978,0.86989,0.93957,0.63662,1.10468,0.60739,0.823,0.0037432,0.0037432,0.0037432
634,128039,1.19475,0.54941,0.83333,0.93924,0.87009,0.93958,0.6367,1.10452,0.60741,0.823,0.0037333,0.0037333,0.0037333
635,128240,1.19621,0.55079,0.83435,0.93897,0.86997,0.93953,0.63675,1.10428,0.60733,0.82298,0.0037234,0.0037234,0.0037234
636,128447,1.20113,0.55514,0.83811,0.93906,0.86984,0.93956,0.6368,1.10405,0.60729,0.82296,0.0037135,0.0037135,0.0037135
637,128645,1.20533,0.55527,0.83627,0.93911,0.86984,0.9395,0.63676,1.10373,0.6073,0.82286,0.0037036,0.0037036,0.0037036
638,128849,1.20606,0.55434,0.83579,0.93902,0.86984,0.9395,0.63674,1.10354,0.60722,0.82282,0.0036937,0.0036937,0.0036937
639,129048,1.20862,0.55583,0.83593,0.93913,0.8697,0.93954,0.63663,1.10343,0.60736,0.82278,0.0036838,0.0036838,0.0036838
640,129246,1.20436,0.55029,0.8358,0.94017,0.86957,0.93947,0.63675,1.10334,0.60722,0.82276,0.0036739,0.0036739,0.0036739
641,129444,1.20797,0.55556,0.83754,0.94016,0.86997,0.9395,0.63667,1.10319,0.60715,0.82273,0.003664,0.003664,0.003664
642,129649,1.20344,0.55375,0.8373,0.94035,0.87011,0.93952,0.63668,1.10311,0.60707,0.82273,0.0036541,0.0036541,0.0036541
643,129848,1.20227,0.55376,0.83714,0.94036,0.87037,0.93966,0.63673,1.10294,0.60691,0.82271,0.0036442,0.0036442,0.0036442
644,130048,1.20358,0.55288,0.83423,0.94016,0.87052,0.93948,0.63679,1.10272,0.60675,0.82254,0.0036343,0.0036343,0.0036343
645,130248,1.20239,0.55112,0.83534,0.93957,0.87099,0.93939,0.63676,1.10265,0.60679,0.82256,0.0036244,0.0036244,0.0036244
646,130450,1.19887,0.55063,0.83621,0.93916,0.87079,0.93931,0.63686,1.10269,0.60668,0.82273,0.0036145,0.0036145,0.0036145
647,130653,1.2029,0.55535,0.83511,0.93932,0.87093,0.93933,0.63694,1.10261,0.60644,0.82274,0.0036046,0.0036046,0.0036046
648,130857,1.19865,0.55179,0.83556,0.93906,0.87106,0.93933,0.63706,1.10249,0.60626,0.82275,0.0035947,0.0035947,0.0035947
649,131056,1.20265,0.5512,0.83433,0.93956,0.87086,0.93948,0.63715,1.10234,0.60612,0.82257,0.0035848,0.0035848,0.0035848
650,131257,1.20124,0.5523,0.83787,0.93939,0.8712,0.93956,0.63707,1.10209,0.60595,0.82251,0.0035749,0.0035749,0.0035749
651,131452,1.19712,0.54937,0.83508,0.93932,0.87138,0.93945,0.63721,1.10195,0.60575,0.82247,0.003565,0.003565,0.003565
652,131654,1.19501,0.54821,0.83632,0.93972,0.87117,0.93953,0.6372,1.10173,0.60555,0.82243,0.0035551,0.0035551,0.0035551
653,131858,1.19988,0.55034,0.83656,0.93991,0.87161,0.93945,0.63726,1.10159,0.60543,0.82242,0.0035452,0.0035452,0.0035452
654,132060,1.19672,0.54875,0.834,0.9396,0.87134,0.93932,0.63707,1.10148,0.60539,0.8224,0.0035353,0.0035353,0.0035353
655,132263,1.20036,0.55148,0.83583,0.93962,0.87175,0.93942,0.63724,1.10135,0.60544,0.82239,0.0035254,0.0035254,0.0035254
656,132460,1.20023,0.5523,0.83698,0.9389,0.87147,0.93907,0.63716,1.1011,0.60528,0.82238,0.0035155,0.0035155,0.0035155
657,132668,1.20152,0.55174,0.83595,0.93828,0.87175,0.9391,0.63739,1.1009,0.60513,0.82236,0.0035056,0.0035056,0.0035056
658,132870,1.20185,0.55099,0.83569,0.93788,0.87249,0.93918,0.63727,1.10084,0.60472,0.82235,0.0034957,0.0034957,0.0034957
659,133069,1.19918,0.55042,0.83489,0.93779,0.87284,0.93946,0.6373,1.10077,0.60452,0.82236,0.0034858,0.0034858,0.0034858
660,133268,1.20157,0.55043,0.83469,0.93806,0.87307,0.93954,0.63746,1.10078,0.60457,0.82238,0.0034759,0.0034759,0.0034759
661,133466,1.189,0.5484,0.83418,0.93792,0.87325,0.93956,0.63754,1.10066,0.60465,0.82239,0.003466,0.003466,0.003466
662,133667,1.19337,0.54814,0.83657,0.93791,0.87325,0.93956,0.63766,1.10054,0.60447,0.82239,0.0034561,0.0034561,0.0034561
663,133866,1.19034,0.5461,0.8366,0.93781,0.87343,0.93958,0.63765,1.1004,0.6045,0.82237,0.0034462,0.0034462,0.0034462
664,134065,1.19736,0.55203,0.83682,0.93769,0.87406,0.93962,0.63774,1.10034,0.60432,0.82237,0.0034363,0.0034363,0.0034363
665,134263,1.19924,0.54887,0.83518,0.93805,0.87256,0.93968,0.63779,1.10029,0.60425,0.82237,0.0034264,0.0034264,0.0034264
666,134462,1.18884,0.54722,0.83628,0.9379,0.87274,0.9397,0.63794,1.10025,0.60423,0.82236,0.0034165,0.0034165,0.0034165
667,134663,1.19279,0.54582,0.83616,0.93807,0.8733,0.93997,0.63793,1.10017,0.60419,0.82234,0.0034066,0.0034066,0.0034066
668,134862,1.19518,0.54725,0.83724,0.93767,0.87348,0.93998,0.63805,1.10015,0.60411,0.82235,0.0033967,0.0033967,0.0033967
669,135060,1.19093,0.54819,0.83431,0.93801,0.87235,0.93981,0.63792,1.10022,0.60418,0.82238,0.0033868,0.0033868,0.0033868
670,135266,1.19116,0.54834,0.83563,0.93794,0.8727,0.9398,0.63793,1.10025,0.60423,0.82241,0.0033769,0.0033769,0.0033769
671,135466,1.19833,0.54985,0.83606,0.93816,0.87243,0.93981,0.63798,1.10018,0.60423,0.82242,0.003367,0.003367,0.003367
672,135664,1.19616,0.54752,0.835,0.93845,0.8727,0.93988,0.63804,1.1002,0.60415,0.82245,0.0033571,0.0033571,0.0033571
673,135873,1.20746,0.55349,0.83701,0.9384,0.8727,0.93974,0.63786,1.10009,0.60411,0.82244,0.0033472,0.0033472,0.0033472
674,136070,1.19627,0.55071,0.83274,0.93856,0.87243,0.93974,0.63794,1.10005,0.60422,0.82246,0.0033373,0.0033373,0.0033373
675,136267,1.20318,0.54958,0.8349,0.93844,0.87272,0.93974,0.63801,1.10005,0.60441,0.82246,0.0033274,0.0033274,0.0033274
676,136466,1.20363,0.55246,0.83633,0.93872,0.87276,0.93972,0.63805,1.10002,0.60455,0.82245,0.0033175,0.0033175,0.0033175
677,136665,1.19689,0.54875,0.83693,0.93826,0.8727,0.93971,0.63811,1.09998,0.60438,0.82245,0.0033076,0.0033076,0.0033076
678,136869,1.19378,0.54699,0.83496,0.93803,0.87267,0.93963,0.63816,1.10001,0.60429,0.82246,0.0032977,0.0032977,0.0032977
679,137067,1.19445,0.54661,0.83528,0.93788,0.87256,0.93964,0.63822,1.1,0.60429,0.82246,0.0032878,0.0032878,0.0032878
680,137262,1.19272,0.54711,0.83616,0.93772,0.87256,0.93973,0.63822,1.09998,0.60418,0.82248,0.0032779,0.0032779,0.0032779
681,137465,1.20362,0.5513,0.83513,0.93786,0.87256,0.93983,0.63825,1.09999,0.60398,0.8225,0.003268,0.003268,0.003268
682,137666,1.19896,0.55019,0.83532,0.93815,0.87248,0.93972,0.63829,1.09999,0.6041,0.82252,0.0032581,0.0032581,0.0032581
683,137864,1.19039,0.54726,0.83483,0.93804,0.8727,0.93975,0.63835,1.09999,0.60418,0.82251,0.0032482,0.0032482,0.0032482
684,138062,1.18582,0.54396,0.8322,0.93827,0.8727,0.93972,0.63828,1.10002,0.60415,0.82251,0.0032383,0.0032383,0.0032383
685,138260,1.1963,0.54903,0.8342,0.93818,0.8728,0.9397,0.6382,1.10005,0.60411,0.8225,0.0032284,0.0032284,0.0032284
686,138457,1.191,0.54784,0.83469,0.93785,0.87284,0.93959,0.63824,1.10009,0.60379,0.82251,0.0032185,0.0032185,0.0032185
687,138659,1.18512,0.54416,0.83392,0.93804,0.87284,0.93962,0.63832,1.09994,0.60322,0.82249,0.0032086,0.0032086,0.0032086
688,138865,1.18723,0.54713,0.83377,0.93775,0.87297,0.93978,0.63829,1.09973,0.60284,0.82245,0.0031987,0.0031987,0.0031987
689,139069,1.19022,0.54668,0.83406,0.93779,0.87243,0.93988,0.6383,1.0996,0.60231,0.82241,0.0031888,0.0031888,0.0031888
690,139271,1.18488,0.54571,0.83304,0.93756,0.87229,0.93974,0.63836,1.09948,0.60221,0.82238,0.0031789,0.0031789,0.0031789
691,139464,1.18397,0.54287,0.83462,0.93769,0.87243,0.93976,0.6383,1.09935,0.60213,0.82235,0.003169,0.003169,0.003169
692,139667,1.18597,0.54177,0.83418,0.93758,0.87211,0.93976,0.63847,1.09929,0.60218,0.82233,0.0031591,0.0031591,0.0031591
693,139868,1.19051,0.54403,0.83627,0.93738,0.87215,0.93976,0.63851,1.0992,0.60204,0.82232,0.0031492,0.0031492,0.0031492
694,140066,1.18846,0.54411,0.83565,0.93745,0.87227,0.93969,0.63863,1.09919,0.60174,0.82232,0.0031393,0.0031393,0.0031393
695,140262,1.19231,0.54378,0.83339,0.93745,0.87219,0.93972,0.63864,1.09914,0.60134,0.82233,0.0031294,0.0031294,0.0031294
696,140463,1.18863,0.54565,0.83129,0.93682,0.87311,0.93982,0.63866,1.09905,0.60137,0.82233,0.0031195,0.0031195,0.0031195
697,140660,1.18949,0.54285,0.83495,0.93811,0.87256,0.93992,0.63873,1.09899,0.60099,0.82233,0.0031096,0.0031096,0.0031096
698,140856,1.17905,0.54056,0.83506,0.93775,0.87259,0.93994,0.63871,1.09885,0.60085,0.82232,0.0030997,0.0030997,0.0030997
699,141059,1.18533,0.54301,0.834,0.93782,0.87188,0.94004,0.63869,1.09872,0.60058,0.82231,0.0030898,0.0030898,0.0030898
700,141260,1.19181,0.54277,0.83425,0.93838,0.8717,0.94008,0.6387,1.09872,0.60044,0.82234,0.0030799,0.0030799,0.0030799
701,141463,1.18201,0.53968,0.83314,0.9385,0.87154,0.94021,0.63875,1.09867,0.60015,0.82236,0.00307,0.00307,0.00307
702,141665,1.18026,0.53761,0.83278,0.93899,0.87134,0.9402,0.63876,1.09864,0.5999,0.82239,0.0030601,0.0030601,0.0030601
703,141863,1.18759,0.54354,0.83461,0.93874,0.87134,0.94019,0.63871,1.09857,0.59966,0.8224,0.0030502,0.0030502,0.0030502
704,142059,1.18403,0.54431,0.83399,0.93868,0.87106,0.94015,0.63879,1.09845,0.59935,0.8224,0.0030403,0.0030403,0.0030403
705,142257,1.18678,0.54249,0.83495,0.9382,0.87108,0.9399,0.63875,1.09831,0.59924,0.8224,0.0030304,0.0030304,0.0030304
706,142460,1.1857,0.54308,0.8338,0.93825,0.8712,0.94009,0.63894,1.09821,0.59906,0.82242,0.0030205,0.0030205,0.0030205
707,142655,1.18796,0.54906,0.83518,0.93846,0.87093,0.94001,0.63895,1.09813,0.59886,0.82243,0.0030106,0.0030106,0.0030106
708,142855,1.19008,0.54744,0.83349,0.93818,0.87079,0.93996,0.63906,1.09807,0.5987,0.82245,0.0030007,0.0030007,0.0030007
709,143054,1.18955,0.54351,0.8343,0.93846,0.87082,0.94016,0.63921,1.09803,0.5984,0.82245,0.0029908,0.0029908,0.0029908
710,143258,1.19255,0.54483,0.83526,0.93915,0.87025,0.94008,0.63922,1.09805,0.59825,0.82246,0.0029809,0.0029809,0.0029809
711,143456,1.18459,0.54366,0.83478,0.94017,0.8697,0.94011,0.63908,1.09811,0.59804,0.82249,0.002971,0.002971,0.002971
712,143656,1.18277,0.5403,0.83199,0.94058,0.86943,0.93991,0.63912,1.09807,0.59803,0.82249,0.0029611,0.0029611,0.0029611
713,143856,1.18369,0.54033,0.83411,0.94085,0.8694,0.94004,0.63907,1.09804,0.59803,0.82252,0.0029512,0.0029512,0.0029512
714,144063,1.18271,0.54314,0.83563,0.94075,0.86943,0.94011,0.63919,1.09803,0.59783,0.82253,0.0029413,0.0029413,0.0029413
715,144265,1.1865,0.54225,0.83455,0.94069,0.8697,0.94022,0.63925,1.09798,0.5975,0.82253,0.0029314,0.0029314,0.0029314
716,144470,1.1883,0.54197,0.83382,0.94054,0.86943,0.94019,0.63932,1.098,0.59716,0.82256,0.0029215,0.0029215,0.0029215
717,144673,1.18574,0.54481,0.83465,0.93924,0.87018,0.94035,0.63938,1.09804,0.59688,0.82259,0.0029116,0.0029116,0.0029116
718,144873,1.18036,0.5407,0.83309,0.93906,0.87011,0.94026,0.63953,1.09802,0.59644,0.82261,0.0029017,0.0029017,0.0029017
719,145068,1.18408,0.54161,0.83277,0.9387,0.87027,0.94041,0.63951,1.09796,0.59593,0.82263,0.0028918,0.0028918,0.0028918
720,145266,1.17809,0.53817,0.83206,0.93934,0.87025,0.94037,0.63936,1.09789,0.59577,0.82263,0.0028819,0.0028819,0.0028819
721,145463,1.18765,0.54279,0.83434,0.93912,0.87045,0.9405,0.63945,1.09777,0.59542,0.82261,0.002872,0.002872,0.002872
722,145661,1.19017,0.54176,0.83385,0.93965,0.87003,0.9404,0.63946,1.09775,0.59528,0.82262,0.0028621,0.0028621,0.0028621
723,145861,1.18652,0.53988,0.83291,0.9389,0.86997,0.9404,0.6393,1.0977,0.59505,0.82263,0.0028522,0.0028522,0.0028522
724,146067,1.18417,0.54049,0.83377,0.94058,0.86948,0.94043,0.6393,1.09769,0.59488,0.82264,0.0028423,0.0028423,0.0028423
725,146267,1.18504,0.54275,0.83378,0.94031,0.86958,0.94051,0.63951,1.09761,0.59466,0.82264,0.0028324,0.0028324,0.0028324
726,146467,1.18,0.53937,0.83244,0.94059,0.86965,0.94051,0.63961,1.09753,0.59447,0.82263,0.0028225,0.0028225,0.0028225
727,146671,1.18691,0.5407,0.83371,0.94039,0.8697,0.94046,0.63972,1.09749,0.59418,0.82265,0.0028126,0.0028126,0.0028126
728,146868,1.19268,0.5449,0.83391,0.94054,0.8697,0.94045,0.6397,1.09747,0.59409,0.82266,0.0028027,0.0028027,0.0028027
729,147066,1.18827,0.54385,0.83352,0.94044,0.8697,0.94048,0.63967,1.0974,0.5939,0.82265,0.0027928,0.0027928,0.0027928
730,147263,1.18359,0.54162,0.83473,0.94058,0.86948,0.94045,0.63988,1.09726,0.59377,0.82263,0.0027829,0.0027829,0.0027829
731,147462,1.18449,0.5402,0.83265,0.93746,0.87106,0.94034,0.63989,1.09721,0.59345,0.82261,0.002773,0.002773,0.002773
732,147667,1.17947,0.53673,0.83352,0.94048,0.86957,0.94036,0.6399,1.09705,0.59342,0.8226,0.0027631,0.0027631,0.0027631
733,147866,1.17935,0.54194,0.83407,0.94103,0.86957,0.94035,0.63988,1.09693,0.59312,0.82261,0.0027532,0.0027532,0.0027532
734,148064,1.17195,0.53723,0.83276,0.9406,0.86957,0.94037,0.63983,1.09692,0.59284,0.82263,0.0027433,0.0027433,0.0027433
735,148264,1.17877,0.5368,0.8334,0.94109,0.86943,0.94031,0.63976,1.0968,0.59245,0.82263,0.0027334,0.0027334,0.0027334
736,148462,1.17014,0.53568,0.83283,0.94103,0.86916,0.94006,0.63967,1.09672,0.59229,0.82261,0.0027235,0.0027235,0.0027235
737,148664,1.17058,0.53555,0.83265,0.94139,0.86913,0.94005,0.63975,1.09663,0.59212,0.82261,0.0027136,0.0027136,0.0027136
738,148862,1.17589,0.53811,0.8326,0.93975,0.8697,0.94016,0.63975,1.0966,0.59209,0.82262,0.0027037,0.0027037,0.0027037
739,149059,1.17304,0.53603,0.83183,0.93937,0.86997,0.94015,0.63987,1.09646,0.59209,0.8226,0.0026938,0.0026938,0.0026938
740,149258,1.17942,0.5384,0.8327,0.94035,0.86943,0.94001,0.63992,1.09632,0.59209,0.82257,0.0026839,0.0026839,0.0026839
741,149454,1.17928,0.5381,0.8347,0.93948,0.8697,0.94003,0.63995,1.09615,0.59193,0.82252,0.002674,0.002674,0.002674
742,149658,1.18311,0.53847,0.83357,0.93896,0.87004,0.94004,0.63993,1.09603,0.59154,0.82248,0.0026641,0.0026641,0.0026641
743,149858,1.17049,0.53534,0.83101,0.93854,0.87066,0.94004,0.63986,1.09599,0.59133,0.82247,0.0026542,0.0026542,0.0026542
744,150056,1.17748,0.53544,0.83165,0.93883,0.87015,0.94008,0.63991,1.09594,0.59112,0.82248,0.0026443,0.0026443,0.0026443
745,150256,1.17354,0.53944,0.83369,0.93776,0.87066,0.94015,0.63997,1.09594,0.59099,0.82249,0.0026344,0.0026344,0.0026344
746,150454,1.17781,0.53936,0.83218,0.93769,0.87106,0.94018,0.64,1.09602,0.5909,0.82253,0.0026245,0.0026245,0.0026245
747,150657,1.17755,0.53926,0.83432,0.93843,0.87039,0.94022,0.63999,1.09612,0.59075,0.82256,0.0026146,0.0026146,0.0026146
748,150854,1.17723,0.53639,0.83364,0.93912,0.87011,0.94034,0.64,1.0962,0.59063,0.82259,0.0026047,0.0026047,0.0026047
749,151052,1.17311,0.53475,0.83256,0.93739,0.87141,0.94036,0.64013,1.09631,0.5904,0.82262,0.0025948,0.0025948,0.0025948
750,151249,1.17867,0.53626,0.83366,0.93752,0.87134,0.94042,0.64024,1.09631,0.59028,0.82261,0.0025849,0.0025849,0.0025849
751,151447,1.17814,0.53444,0.8321,0.93767,0.87146,0.94044,0.64014,1.09638,0.59012,0.82263,0.002575,0.002575,0.002575
752,151647,1.17532,0.53757,0.83211,0.93656,0.87202,0.94042,0.64019,1.09648,0.58978,0.82266,0.0025651,0.0025651,0.0025651
753,151854,1.17868,0.53734,0.83312,0.93751,0.87109,0.94029,0.64022,1.09659,0.59,0.82266,0.0025552,0.0025552,0.0025552
754,152062,1.16756,0.53433,0.83321,0.93658,0.87202,0.94043,0.64015,1.09662,0.59001,0.82266,0.0025453,0.0025453,0.0025453
755,152266,1.16727,0.53236,0.83108,0.93632,0.87215,0.94044,0.6401,1.09656,0.58988,0.82264,0.0025354,0.0025354,0.0025354
756,152467,1.18002,0.54259,0.83228,0.93674,0.87202,0.94046,0.64038,1.0965,0.58969,0.82263,0.0025255,0.0025255,0.0025255
757,152660,1.17711,0.53601,0.83317,0.93714,0.87161,0.94045,0.64042,1.09643,0.58966,0.82265,0.0025156,0.0025156,0.0025156
758,152853,1.17083,0.53488,0.8331,0.93741,0.8716,0.94036,0.64048,1.09642,0.58975,0.82267,0.0025057,0.0025057,0.0025057
759,153063,1.16687,0.53431,0.8321,0.93678,0.87175,0.94035,0.64051,1.09647,0.5898,0.82269,0.0024958,0.0024958,0.0024958
760,153267,1.17319,0.53299,0.83165,0.93589,0.87256,0.94037,0.64041,1.09636,0.58983,0.82267,0.0024859,0.0024859,0.0024859
761,153464,1.1699,0.53286,0.83298,0.93566,0.87229,0.94035,0.64047,1.09629,0.58998,0.82266,0.002476,0.002476,0.002476
762,153673,1.17397,0.53414,0.83314,0.936,0.87215,0.94036,0.64025,1.09631,0.59022,0.82264,0.0024661,0.0024661,0.0024661
763,153875,1.16468,0.53482,0.83223,0.93596,0.87202,0.94037,0.64018,1.09625,0.59024,0.82262,0.0024562,0.0024562,0.0024562
764,154073,1.17256,0.5306,0.83174,0.93597,0.87229,0.94051,0.64035,1.09614,0.59014,0.82258,0.0024463,0.0024463,0.0024463
765,154278,1.16779,0.53237,0.83284,0.93673,0.87174,0.94042,0.64031,1.0961,0.59031,0.82257,0.0024364,0.0024364,0.0024364
766,154475,1.17107,0.53325,0.83262,0.93667,0.87202,0.94042,0.64039,1.09615,0.5905,0.82259,0.0024265,0.0024265,0.0024265
767,154671,1.17542,0.53591,0.83426,0.93666,0.87202,0.94041,0.64035,1.09621,0.59073,0.82261,0.0024166,0.0024166,0.0024166
768,154882,1.16711,0.53274,0.83171,0.93711,0.87131,0.94031,0.64028,1.09621,0.59097,0.82262,0.0024067,0.0024067,0.0024067
769,155086,1.16831,0.53514,0.83182,0.93712,0.87142,0.94029,0.64031,1.0962,0.59123,0.82263,0.0023968,0.0023968,0.0023968
770,155281,1.16556,0.53191,0.83006,0.93729,0.87186,0.94048,0.64038,1.09626,0.5913,0.82265,0.0023869,0.0023869,0.0023869
771,155477,1.17526,0.53403,0.83231,0.93724,0.87202,0.94061,0.64058,1.09632,0.59148,0.82268,0.002377,0.002377,0.002377
772,155678,1.17107,0.53362,0.83156,0.93691,0.87215,0.94062,0.6406,1.09635,0.59168,0.82269,0.0023671,0.0023671,0.0023671
773,155879,1.17171,0.53339,0.82995,0.93666,0.87243,0.94038,0.64038,1.09639,0.59183,0.82271,0.0023572,0.0023572,0.0023572
774,156080,1.17024,0.53203,0.83184,0.93661,0.87215,0.94021,0.64032,1.09633,0.59179,0.8227,0.0023473,0.0023473,0.0023473
775,156282,1.16773,0.52974,0.83253,0.93633,0.87297,0.94014,0.64021,1.09631,0.59188,0.82272,0.0023374,0.0023374,0.0023374
776,156478,1.16332,0.53005,0.82966,0.93655,0.87284,0.94009,0.64017,1.09627,0.59189,0.82272,0.0023275,0.0023275,0.0023275
777,156681,1.16707,0.5325,0.83229,0.93559,0.87301,0.94028,0.64015,1.09627,0.59197,0.82272,0.0023176,0.0023176,0.0023176
778,156881,1.16718,0.53072,0.83184,0.93625,0.87311,0.94038,0.6402,1.09621,0.59188,0.82272,0.0023077,0.0023077,0.0023077
779,157079,1.16245,0.52984,0.83098,0.93613,0.87296,0.94038,0.64033,1.09608,0.59203,0.82267,0.0022978,0.0022978,0.0022978
780,157280,1.16169,0.52934,0.83062,0.9364,0.87296,0.94042,0.64036,1.09598,0.59196,0.8226,0.0022879,0.0022879,0.0022879
781,157478,1.16186,0.53137,0.83118,0.93664,0.87284,0.94043,0.64024,1.0959,0.59192,0.82255,0.002278,0.002278,0.002278
782,157675,1.16475,0.53049,0.83356,0.93648,0.87284,0.94024,0.64015,1.09582,0.59187,0.82252,0.0022681,0.0022681,0.0022681
783,157880,1.15567,0.52872,0.83071,0.93631,0.87256,0.94027,0.64013,1.09579,0.59185,0.8225,0.0022582,0.0022582,0.0022582
784,158079,1.15248,0.52566,0.83102,0.93637,0.87248,0.94003,0.64025,1.09583,0.59198,0.82253,0.0022483,0.0022483,0.0022483
785,158278,1.16993,0.53463,0.83221,0.93674,0.87215,0.94016,0.64025,1.09591,0.59197,0.82254,0.0022384,0.0022384,0.0022384
786,158475,1.15997,0.53237,0.83158,0.93744,0.87201,0.94028,0.64026,1.09589,0.59219,0.82254,0.0022285,0.0022285,0.0022285
787,158675,1.1623,0.53029,0.83129,0.93682,0.87202,0.9402,0.64029,1.09591,0.59245,0.82254,0.0022186,0.0022186,0.0022186
788,158874,1.16691,0.53195,0.83248,0.93674,0.87182,0.94013,0.64028,1.09599,0.59252,0.82255,0.0022087,0.0022087,0.0022087
789,159075,1.16157,0.53062,0.83099,0.93639,0.87161,0.94016,0.6403,1.09608,0.59256,0.82258,0.0021988,0.0021988,0.0021988
790,159276,1.16675,0.53201,0.83108,0.93658,0.87148,0.94022,0.64011,1.09613,0.59238,0.82259,0.0021889,0.0021889,0.0021889
791,159479,1.16962,0.5302,0.83181,0.93694,0.87134,0.93996,0.6401,1.09618,0.59234,0.8226,0.002179,0.002179,0.002179
792,159682,1.16487,0.53053,0.83175,0.93686,0.87158,0.94021,0.64023,1.09613,0.59218,0.82258,0.0021691,0.0021691,0.0021691
793,159883,1.16077,0.531,0.83219,0.93701,0.87184,0.94027,0.64039,1.09606,0.59215,0.82256,0.0021592,0.0021592,0.0021592
794,160080,1.16444,0.52833,0.83205,0.93594,0.87216,0.93996,0.64034,1.09597,0.59201,0.82253,0.0021493,0.0021493,0.0021493
795,160288,1.16123,0.52872,0.83084,0.93541,0.87284,0.93999,0.64021,1.09593,0.59186,0.82251,0.0021394,0.0021394,0.0021394
796,160495,1.16194,0.52826,0.83155,0.93522,0.8727,0.94001,0.64045,1.09578,0.59153,0.82248,0.0021295,0.0021295,0.0021295
797,160699,1.16666,0.53071,0.83082,0.93456,0.87284,0.93999,0.64058,1.09566,0.59148,0.82246,0.0021196,0.0021196,0.0021196
798,160902,1.15769,0.52673,0.83138,0.93502,0.87284,0.94001,0.64066,1.09563,0.59152,0.82245,0.0021097,0.0021097,0.0021097
799,161098,1.15702,0.52982,0.83174,0.93531,0.87256,0.94003,0.64051,1.09561,0.59161,0.82244,0.0020998,0.0020998,0.0020998
800,161296,1.15004,0.52363,0.83013,0.9348,0.87256,0.94,0.64063,1.09559,0.59186,0.82244,0.0020899,0.0020899,0.0020899
801,161494,1.15886,0.52644,0.82929,0.93502,0.87268,0.94007,0.6406,1.09559,0.592,0.82243,0.00208,0.00208,0.00208
802,161692,1.15743,0.52777,0.83149,0.93517,0.87289,0.94005,0.64064,1.09552,0.5922,0.82241,0.0020701,0.0020701,0.0020701
803,161890,1.15896,0.52804,0.83075,0.93493,0.8734,0.94009,0.64069,1.09538,0.59215,0.82236,0.0020602,0.0020602,0.0020602
804,162100,1.16035,0.52633,0.83076,0.93489,0.87325,0.93999,0.64075,1.09519,0.59208,0.82233,0.0020503,0.0020503,0.0020503
805,162299,1.16055,0.52737,0.83069,0.93506,0.87326,0.94,0.64064,1.09511,0.59191,0.82233,0.0020404,0.0020404,0.0020404
806,162498,1.16242,0.5261,0.83165,0.93512,0.87311,0.93989,0.64052,1.0951,0.59196,0.82234,0.0020305,0.0020305,0.0020305
807,162699,1.15262,0.52794,0.83044,0.93537,0.87297,0.93989,0.64058,1.09502,0.59187,0.82232,0.0020206,0.0020206,0.0020206
808,162901,1.15782,0.52593,0.83002,0.93524,0.8727,0.93991,0.64052,1.09491,0.59196,0.82229,0.0020107,0.0020107,0.0020107
809,163102,1.14867,0.52308,0.83138,0.93512,0.87284,0.93986,0.64059,1.0948,0.59195,0.82226,0.0020008,0.0020008,0.0020008
810,163301,1.15491,0.52209,0.82948,0.93489,0.87288,0.93988,0.64059,1.0946,0.59168,0.82221,0.0019909,0.0019909,0.0019909
811,163499,1.14715,0.51962,0.82916,0.93474,0.8727,0.93988,0.64069,1.09442,0.59169,0.82217,0.001981,0.001981,0.001981
812,163698,1.15138,0.52473,0.83141,0.9346,0.87284,0.93977,0.64076,1.09432,0.5915,0.82216,0.0019711,0.0019711,0.0019711
813,163900,1.15723,0.52524,0.83303,0.93492,0.87229,0.93976,0.64067,1.09425,0.59139,0.82214,0.0019612,0.0019612,0.0019612
814,164102,1.14906,0.52203,0.83005,0.93463,0.87303,0.93978,0.64077,1.09417,0.59126,0.82211,0.0019513,0.0019513,0.0019513
815,164302,1.14918,0.52331,0.83057,0.93476,0.87325,0.93992,0.64066,1.09409,0.59114,0.8221,0.0019414,0.0019414,0.0019414
816,164509,1.15458,0.52428,0.83073,0.9348,0.87256,0.93991,0.64062,1.09402,0.59093,0.82208,0.0019315,0.0019315,0.0019315
817,164713,1.15143,0.52199,0.82859,0.93463,0.87284,0.93981,0.64067,1.09391,0.59084,0.82205,0.0019216,0.0019216,0.0019216
818,164915,1.15599,0.52479,0.83138,0.93476,0.87297,0.93986,0.64055,1.09379,0.59064,0.82203,0.0019117,0.0019117,0.0019117
819,165123,1.14499,0.51979,0.82857,0.9348,0.87345,0.94009,0.64072,1.09359,0.59038,0.822,0.0019018,0.0019018,0.0019018
820,165321,1.14464,0.52221,0.82994,0.93525,0.87325,0.9402,0.64104,1.09352,0.59025,0.82198,0.0018919,0.0018919,0.0018919
821,165522,1.1519,0.52386,0.82948,0.93489,0.87282,0.9401,0.64093,1.09348,0.59004,0.82197,0.001882,0.001882,0.001882
822,165729,1.15142,0.52121,0.82916,0.9349,0.87256,0.93998,0.64098,1.09339,0.59008,0.82193,0.0018721,0.0018721,0.0018721
823,165928,1.15703,0.52196,0.83039,0.93587,0.87215,0.9398,0.64098,1.09329,0.59008,0.82189,0.0018622,0.0018622,0.0018622
824,166126,1.14369,0.5198,0.83065,0.93528,0.8727,0.93977,0.64105,1.09309,0.58995,0.82182,0.0018523,0.0018523,0.0018523
825,166327,1.14955,0.52172,0.83071,0.93517,0.87297,0.9398,0.64113,1.09296,0.58952,0.82178,0.0018424,0.0018424,0.0018424
826,166526,1.15923,0.52238,0.82862,0.93502,0.87311,0.93986,0.64119,1.09291,0.5893,0.82176,0.0018325,0.0018325,0.0018325
827,166730,1.15208,0.52355,0.83134,0.93494,0.87256,0.93986,0.6412,1.09279,0.58919,0.82172,0.0018226,0.0018226,0.0018226
828,166929,1.14693,0.52043,0.82857,0.9351,0.8727,0.94,0.64122,1.09261,0.5889,0.82166,0.0018127,0.0018127,0.0018127
829,167129,1.15248,0.52185,0.83059,0.93472,0.87236,0.93984,0.64119,1.0925,0.58877,0.82163,0.0018028,0.0018028,0.0018028
830,167330,1.1474,0.52046,0.82996,0.93552,0.87243,0.93986,0.64125,1.09242,0.58871,0.82161,0.0017929,0.0017929,0.0017929
831,167531,1.14771,0.51944,0.83015,0.93477,0.8727,0.93986,0.64126,1.09235,0.58863,0.82162,0.001783,0.001783,0.001783
832,167735,1.14397,0.51776,0.82941,0.93531,0.87229,0.93982,0.64114,1.09233,0.58841,0.82163,0.0017731,0.0017731,0.0017731
833,167938,1.14325,0.5195,0.82999,0.93525,0.87209,0.93993,0.64131,1.09222,0.58823,0.8216,0.0017632,0.0017632,0.0017632
834,168139,1.14459,0.52084,0.829,0.93541,0.87229,0.93997,0.64134,1.09217,0.5879,0.8216,0.0017533,0.0017533,0.0017533
835,168344,1.14857,0.52083,0.82872,0.93536,0.87215,0.93995,0.6414,1.09216,0.5877,0.82159,0.0017434,0.0017434,0.0017434
836,168550,1.15367,0.5215,0.82949,0.93585,0.87147,0.94001,0.64144,1.09217,0.58761,0.82159,0.0017335,0.0017335,0.0017335
837,168750,1.14782,0.51922,0.82983,0.93579,0.87134,0.93998,0.64133,1.09209,0.58742,0.82158,0.0017236,0.0017236,0.0017236
838,168948,1.14651,0.52126,0.8283,0.93613,0.87093,0.94011,0.64142,1.09202,0.58717,0.82155,0.0017137,0.0017137,0.0017137
839,169147,1.1458,0.51905,0.8287,0.93612,0.8709,0.94001,0.64143,1.09196,0.58686,0.82154,0.0017038,0.0017038,0.0017038
840,169356,1.14083,0.51842,0.82923,0.93602,0.87136,0.94017,0.64153,1.09181,0.58667,0.82151,0.0016939,0.0016939,0.0016939
841,169557,1.14537,0.51693,0.82638,0.93612,0.87147,0.9402,0.64154,1.09167,0.58635,0.82149,0.001684,0.001684,0.001684
842,169758,1.14844,0.51872,0.82858,0.93604,0.87168,0.94016,0.64159,1.09157,0.58607,0.82148,0.0016741,0.0016741,0.0016741
843,169958,1.15083,0.5226,0.8287,0.93599,0.87202,0.94015,0.64166,1.09151,0.58589,0.82147,0.0016642,0.0016642,0.0016642
844,170160,1.14145,0.51853,0.82964,0.93582,0.87188,0.9402,0.64176,1.09144,0.58575,0.82147,0.0016543,0.0016543,0.0016543
845,170361,1.14335,0.51796,0.82888,0.93645,0.87159,0.93992,0.64175,1.09145,0.58536,0.82149,0.0016444,0.0016444,0.0016444
846,170563,1.14405,0.52032,0.82948,0.93606,0.87189,0.93979,0.64156,1.09146,0.58487,0.82151,0.0016345,0.0016345,0.0016345
847,170763,1.14211,0.5163,0.82872,0.936,0.87215,0.93976,0.64151,1.09145,0.58464,0.82153,0.0016246,0.0016246,0.0016246
848,170961,1.14562,0.51904,0.82948,0.93622,0.87202,0.93985,0.64157,1.09134,0.5845,0.82153,0.0016147,0.0016147,0.0016147
849,171174,1.14747,0.52058,0.82903,0.93632,0.87202,0.93981,0.64162,1.09129,0.58445,0.82155,0.0016048,0.0016048,0.0016048
850,171380,1.14083,0.5169,0.82911,0.93629,0.87202,0.93982,0.6418,1.09126,0.58442,0.82157,0.0015949,0.0015949,0.0015949
851,171576,1.14267,0.52027,0.82866,0.9361,0.87202,0.93994,0.64183,1.09123,0.58422,0.82157,0.001585,0.001585,0.001585
852,171775,1.14546,0.51846,0.82865,0.93617,0.87202,0.93985,0.64187,1.09114,0.584,0.82156,0.0015751,0.0015751,0.0015751
853,171978,1.14128,0.51797,0.82944,0.93646,0.87172,0.93996,0.64195,1.09105,0.58389,0.82153,0.0015652,0.0015652,0.0015652
854,172178,1.14804,0.51902,0.82975,0.93635,0.87188,0.93992,0.64204,1.091,0.58366,0.82152,0.0015553,0.0015553,0.0015553
855,172375,1.14252,0.51674,0.82834,0.93677,0.87256,0.94004,0.64206,1.09093,0.58367,0.82149,0.0015454,0.0015454,0.0015454
856,172574,1.13903,0.51599,0.83074,0.93683,0.87243,0.94002,0.64194,1.09086,0.58352,0.82147,0.0015355,0.0015355,0.0015355
857,172770,1.13946,0.51509,0.82799,0.93685,0.87256,0.94006,0.64193,1.09079,0.5834,0.82145,0.0015256,0.0015256,0.0015256
858,172975,1.14642,0.51958,0.82866,0.93704,0.87232,0.94004,0.64181,1.09066,0.58322,0.82141,0.0015157,0.0015157,0.0015157
859,173175,1.14983,0.51975,0.82855,0.93718,0.87233,0.93998,0.6418,1.09056,0.5831,0.82139,0.0015058,0.0015058,0.0015058
860,173373,1.13719,0.51339,0.82772,0.93666,0.87269,0.9401,0.64191,1.09054,0.58297,0.82139,0.0014959,0.0014959,0.0014959
861,173576,1.13193,0.51514,0.82785,0.936,0.87301,0.94004,0.64176,1.09058,0.5827,0.82138,0.001486,0.001486,0.001486
862,173784,1.14127,0.51833,0.8285,0.93703,0.87243,0.93995,0.64187,1.0906,0.58232,0.82139,0.0014761,0.0014761,0.0014761
863,173991,1.13762,0.51667,0.82871,0.93857,0.87175,0.93995,0.64193,1.09072,0.58214,0.82142,0.0014662,0.0014662,0.0014662
864,174195,1.14048,0.51556,0.8294,0.93842,0.87202,0.93995,0.64203,1.09068,0.58188,0.82142,0.0014563,0.0014563,0.0014563
865,174402,1.1402,0.51718,0.82752,0.93832,0.87256,0.93997,0.64208,1.09068,0.58156,0.82142,0.0014464,0.0014464,0.0014464
866,174611,1.13767,0.51353,0.82792,0.93821,0.8727,0.94002,0.64207,1.09057,0.58113,0.8214,0.0014365,0.0014365,0.0014365
867,174806,1.14218,0.51392,0.82921,0.93797,0.8727,0.94014,0.64223,1.09048,0.58084,0.8214,0.0014266,0.0014266,0.0014266
868,175007,1.14232,0.51777,0.8283,0.93795,0.87311,0.94019,0.64226,1.09037,0.58057,0.82139,0.0014167,0.0014167,0.0014167
869,175215,1.13451,0.5119,0.82819,0.93808,0.87325,0.94021,0.64244,1.09033,0.58043,0.8214,0.0014068,0.0014068,0.0014068
870,175420,1.14287,0.51581,0.82852,0.93781,0.87357,0.94036,0.64245,1.09031,0.5802,0.82142,0.0013969,0.0013969,0.0013969
871,175616,1.13908,0.51446,0.82832,0.93856,0.87365,0.94043,0.64254,1.09029,0.58002,0.82143,0.001387,0.001387,0.001387
872,175819,1.13153,0.51061,0.82822,0.93858,0.87365,0.94044,0.64268,1.0903,0.57969,0.82144,0.0013771,0.0013771,0.0013771
873,176018,1.14333,0.51576,0.82797,0.93818,0.87393,0.94041,0.64271,1.0903,0.57921,0.82143,0.0013672,0.0013672,0.0013672
874,176224,1.13484,0.51197,0.82835,0.93837,0.87406,0.94036,0.64263,1.09028,0.57907,0.82142,0.0013573,0.0013573,0.0013573
875,176424,1.14063,0.51364,0.82832,0.93761,0.87406,0.9404,0.6428,1.09019,0.5787,0.8214,0.0013474,0.0013474,0.0013474
876,176627,1.13622,0.51309,0.82786,0.93817,0.8742,0.94066,0.64285,1.09014,0.5783,0.8214,0.0013375,0.0013375,0.0013375
877,176828,1.13427,0.51031,0.82814,0.93782,0.87406,0.94062,0.64307,1.09011,0.57821,0.82141,0.0013276,0.0013276,0.0013276
878,177037,1.1307,0.51124,0.8294,0.93867,0.8742,0.94097,0.64316,1.09004,0.57799,0.8214,0.0013177,0.0013177,0.0013177
879,177240,1.12843,0.51281,0.82875,0.93873,0.8742,0.94101,0.64318,1.0901,0.57778,0.82142,0.0013078,0.0013078,0.0013078
880,177440,1.13026,0.50964,0.82699,0.93915,0.87393,0.94105,0.64312,1.09019,0.57755,0.82145,0.0012979,0.0012979,0.0012979
881,177644,1.13587,0.51096,0.82767,0.93962,0.87382,0.9412,0.64315,1.09019,0.57743,0.82145,0.001288,0.001288,0.001288
882,177845,1.13354,0.51195,0.82757,0.94005,0.87325,0.94117,0.64327,1.09019,0.57721,0.82145,0.0012781,0.0012781,0.0012781
883,178050,1.1349,0.51225,0.82768,0.94024,0.87284,0.94092,0.64327,1.09018,0.57697,0.82142,0.0012682,0.0012682,0.0012682
884,178251,1.13329,0.51282,0.82787,0.9402,0.87297,0.94089,0.64324,1.09017,0.57663,0.82141,0.0012583,0.0012583,0.0012583
885,178454,1.13277,0.51264,0.8275,0.9403,0.87297,0.94094,0.64332,1.09019,0.57631,0.82142,0.0012484,0.0012484,0.0012484
886,178654,1.1359,0.51264,0.8281,0.94014,0.87297,0.94097,0.64342,1.09028,0.57589,0.82144,0.0012385,0.0012385,0.0012385
887,178854,1.12888,0.50988,0.82784,0.93947,0.87297,0.94085,0.64327,1.09031,0.57564,0.82144,0.0012286,0.0012286,0.0012286
888,179065,1.13636,0.51386,0.82684,0.93997,0.87284,0.94088,0.64338,1.09031,0.5754,0.82146,0.0012187,0.0012187,0.0012187
889,179266,1.12732,0.5111,0.82721,0.94018,0.87297,0.94087,0.64344,1.09027,0.57517,0.82146,0.0012088,0.0012088,0.0012088
890,179469,1.11894,0.50778,0.82643,0.94089,0.8727,0.94092,0.64351,1.09022,0.57503,0.82147,0.0011989,0.0011989,0.0011989
891,179671,1.13344,0.51234,0.82794,0.94092,0.8727,0.941,0.64353,1.09021,0.57481,0.82148,0.001189,0.001189,0.001189
892,179874,1.12711,0.50751,0.82783,0.94079,0.87284,0.94102,0.64365,1.09015,0.57427,0.82147,0.0011791,0.0011791,0.0011791
893,180085,1.12731,0.50944,0.82625,0.94086,0.87297,0.94095,0.64366,1.09016,0.57383,0.82149,0.0011692,0.0011692,0.0011692
894,180285,1.12698,0.50724,0.82623,0.94037,0.87297,0.94096,0.64363,1.09015,0.57351,0.82147,0.0011593,0.0011593,0.0011593
895,180492,1.12336,0.50821,0.82726,0.94064,0.87297,0.94095,0.64345,1.09016,0.57324,0.8215,0.0011494,0.0011494,0.0011494
896,180696,1.12922,0.51018,0.82737,0.94072,0.87325,0.94108,0.64351,1.0901,0.57306,0.8215,0.0011395,0.0011395,0.0011395
897,180898,1.12397,0.50704,0.8266,0.94083,0.87338,0.94118,0.64363,1.09015,0.5728,0.82151,0.0011296,0.0011296,0.0011296
898,181098,1.12854,0.50862,0.82601,0.94056,0.8734,0.94118,0.64364,1.09017,0.57266,0.82154,0.0011197,0.0011197,0.0011197
899,181304,1.12411,0.50644,0.82744,0.94062,0.87379,0.94125,0.64365,1.09025,0.5725,0.82157,0.0011098,0.0011098,0.0011098
900,181503,1.12265,0.50668,0.82949,0.94,0.87365,0.9412,0.64376,1.0903,0.57224,0.8216,0.0010999,0.0010999,0.0010999
901,181707,1.12605,0.50894,0.82849,0.93977,0.87397,0.94112,0.64379,1.09028,0.57194,0.82161,0.00109,0.00109,0.00109
902,181911,1.12595,0.50935,0.82845,0.94004,0.87379,0.94103,0.64375,1.09031,0.5718,0.82165,0.0010801,0.0010801,0.0010801
903,182117,1.12516,0.50747,0.82898,0.94002,0.87379,0.94104,0.64386,1.09035,0.57153,0.82169,0.0010702,0.0010702,0.0010702
904,182316,1.12937,0.50683,0.82745,0.93976,0.87379,0.94106,0.64389,1.09041,0.57131,0.82171,0.0010603,0.0010603,0.0010603
905,182517,1.12529,0.50704,0.82721,0.9397,0.87379,0.94105,0.64401,1.09045,0.57113,0.82173,0.0010504,0.0010504,0.0010504
906,182722,1.12445,0.50957,0.82732,0.93922,0.87474,0.94115,0.64396,1.09049,0.5708,0.82175,0.0010405,0.0010405,0.0010405
907,182925,1.12689,0.50777,0.82712,0.93974,0.87434,0.94133,0.64393,1.09047,0.57047,0.82178,0.0010306,0.0010306,0.0010306
908,183123,1.1234,0.50701,0.8265,0.9398,0.87456,0.94149,0.64392,1.09052,0.57031,0.82183,0.0010207,0.0010207,0.0010207
909,183326,1.12281,0.50316,0.82645,0.93977,0.87461,0.94136,0.64396,1.09052,0.5701,0.82185,0.0010108,0.0010108,0.0010108
910,183526,1.1199,0.50441,0.82807,0.93991,0.87413,0.94133,0.64393,1.09054,0.56995,0.82188,0.0010009,0.0010009,0.0010009
911,183728,1.12305,0.5066,0.82509,0.93977,0.87408,0.94135,0.6439,1.09055,0.56976,0.8219,0.000991,0.000991,0.000991
912,183927,1.11394,0.5017,0.82575,0.93972,0.87434,0.94132,0.64395,1.09051,0.56946,0.82191,0.0009811,0.0009811,0.0009811
913,184128,1.12824,0.50523,0.82682,0.93998,0.87379,0.94124,0.64382,1.09046,0.56936,0.82192,0.0009712,0.0009712,0.0009712
914,184331,1.12106,0.50581,0.82729,0.94017,0.87376,0.94129,0.64379,1.09048,0.56926,0.82194,0.0009613,0.0009613,0.0009613
915,184534,1.11967,0.50397,0.8254,0.93941,0.87406,0.9413,0.64374,1.09049,0.56916,0.82197,0.0009514,0.0009514,0.0009514
916,184731,1.12146,0.50413,0.82636,0.93943,0.87406,0.9414,0.64373,1.0905,0.56898,0.822,0.0009415,0.0009415,0.0009415
917,184933,1.12177,0.50578,0.82499,0.93936,0.87393,0.94129,0.64389,1.09051,0.56869,0.82203,0.0009316,0.0009316,0.0009316
918,185133,1.1122,0.50116,0.82698,0.9391,0.87434,0.94132,0.64396,1.0905,0.56825,0.82206,0.0009217,0.0009217,0.0009217
919,185339,1.11798,0.50325,0.82591,0.93851,0.87461,0.94116,0.64397,1.09048,0.56812,0.82208,0.0009118,0.0009118,0.0009118
920,185549,1.12218,0.50496,0.82642,0.93889,0.87434,0.94129,0.64396,1.09044,0.56811,0.82208,0.0009019,0.0009019,0.0009019
921,185754,1.11452,0.50234,0.82665,0.93884,0.87451,0.94135,0.64416,1.09046,0.56803,0.82211,0.000892,0.000892,0.000892
922,185953,1.1231,0.50456,0.82773,0.93835,0.87434,0.94106,0.64412,1.0905,0.56789,0.82215,0.0008821,0.0008821,0.0008821
923,186153,1.11707,0.50293,0.82429,0.93828,0.87434,0.94107,0.64409,1.09052,0.56767,0.82218,0.0008722,0.0008722,0.0008722
924,186355,1.11439,0.50179,0.82557,0.93857,0.87469,0.94112,0.64411,1.09052,0.56753,0.82219,0.0008623,0.0008623,0.0008623
925,186557,1.12325,0.50342,0.82759,0.93931,0.87434,0.94127,0.64432,1.09049,0.56729,0.8222,0.0008524,0.0008524,0.0008524
926,186765,1.12866,0.50331,0.8258,0.93911,0.87452,0.94132,0.64441,1.0905,0.56717,0.82223,0.0008425,0.0008425,0.0008425
927,186969,1.11796,0.50114,0.82564,0.93912,0.8746,0.94134,0.64444,1.09055,0.56705,0.82226,0.0008326,0.0008326,0.0008326
928,187168,1.10342,0.49547,0.82648,0.93929,0.87513,0.94136,0.64437,1.09059,0.56682,0.82229,0.0008227,0.0008227,0.0008227
929,187373,1.10964,0.49785,0.82591,0.93957,0.87515,0.94134,0.64433,1.0906,0.56663,0.82231,0.0008128,0.0008128,0.0008128
930,187585,1.11023,0.49761,0.82473,0.93938,0.87502,0.94137,0.64443,1.09061,0.56658,0.82233,0.0008029,0.0008029,0.0008029
931,187788,1.11097,0.49893,0.8244,0.93952,0.87438,0.94137,0.64452,1.09067,0.56643,0.82237,0.000793,0.000793,0.000793
932,187988,1.11685,0.49983,0.82517,0.93967,0.87461,0.94143,0.6445,1.09071,0.56621,0.8224,0.0007831,0.0007831,0.0007831
933,188185,1.11156,0.49884,0.82568,0.9401,0.87486,0.94151,0.6446,1.09081,0.56614,0.82244,0.0007732,0.0007732,0.0007732
934,188384,1.114,0.49941,0.82603,0.93896,0.8764,0.94149,0.64469,1.09083,0.56579,0.82247,0.0007633,0.0007633,0.0007633
935,188587,1.11869,0.50277,0.82613,0.93923,0.87638,0.94158,0.64475,1.09083,0.56548,0.8225,0.0007534,0.0007534,0.0007534
936,188792,1.11736,0.49944,0.82563,0.93938,0.87646,0.94164,0.64479,1.09085,0.5652,0.8225,0.0007435,0.0007435,0.0007435
937,189004,1.11208,0.50086,0.82686,0.93938,0.87645,0.94166,0.64478,1.09086,0.56503,0.82251,0.0007336,0.0007336,0.0007336
938,189204,1.10836,0.49744,0.82618,0.93932,0.87611,0.94166,0.64489,1.09088,0.56487,0.82253,0.0007237,0.0007237,0.0007237
939,189412,1.11769,0.50108,0.82538,0.9395,0.87556,0.94155,0.64475,1.09093,0.56464,0.82258,0.0007138,0.0007138,0.0007138
940,189608,1.11315,0.49972,0.82476,0.93943,0.87597,0.94155,0.64476,1.09088,0.56439,0.82256,0.0007039,0.0007039,0.0007039
941,189816,1.11242,0.49954,0.82384,0.93987,0.87566,0.94162,0.64482,1.09084,0.56431,0.82257,0.000694,0.000694,0.000694
942,190011,1.11009,0.49816,0.82597,0.94,0.87583,0.9417,0.6449,1.09081,0.56413,0.82256,0.0006841,0.0006841,0.0006841
943,190210,1.10561,0.49545,0.82417,0.94044,0.87583,0.94183,0.64494,1.09082,0.56402,0.82257,0.0006742,0.0006742,0.0006742
944,190412,1.10614,0.49357,0.82488,0.93988,0.87583,0.94189,0.64485,1.09078,0.56386,0.82258,0.0006643,0.0006643,0.0006643
945,190612,1.1108,0.49542,0.82542,0.94057,0.87576,0.94185,0.64493,1.09075,0.56376,0.82258,0.0006544,0.0006544,0.0006544
946,190815,1.11104,0.49844,0.8257,0.94092,0.87556,0.94188,0.64499,1.09073,0.56361,0.82258,0.0006445,0.0006445,0.0006445
947,191013,1.1081,0.49808,0.82437,0.9409,0.87543,0.94185,0.645,1.09079,0.56343,0.8226,0.0006346,0.0006346,0.0006346
948,191218,1.11695,0.49753,0.8253,0.94118,0.87529,0.94187,0.64515,1.09078,0.56332,0.82262,0.0006247,0.0006247,0.0006247
949,191420,1.10561,0.49259,0.82384,0.94147,0.87543,0.94183,0.6451,1.09078,0.56322,0.82266,0.0006148,0.0006148,0.0006148
950,191624,1.10254,0.49613,0.82576,0.94151,0.87534,0.94177,0.64508,1.09083,0.56312,0.82268,0.0006049,0.0006049,0.0006049
951,191824,1.10438,0.49383,0.8244,0.94124,0.87543,0.94181,0.64517,1.09086,0.56297,0.8227,0.000595,0.000595,0.000595
952,192026,1.09969,0.49154,0.82374,0.94109,0.87543,0.94182,0.64529,1.09087,0.56283,0.82271,0.0005851,0.0005851,0.0005851
953,192229,1.108,0.49567,0.82544,0.94157,0.87515,0.94191,0.64544,1.09092,0.56268,0.82272,0.0005752,0.0005752,0.0005752
954,192425,1.11301,0.49785,0.82544,0.94183,0.87488,0.94192,0.6453,1.09089,0.56248,0.82273,0.0005653,0.0005653,0.0005653
955,192626,1.10538,0.49664,0.82364,0.9419,0.87503,0.94194,0.64539,1.09089,0.56233,0.82272,0.0005554,0.0005554,0.0005554
956,192824,1.10227,0.49426,0.82424,0.94188,0.87515,0.94193,0.64538,1.09085,0.56221,0.8227,0.0005455,0.0005455,0.0005455
957,193024,1.10921,0.49413,0.82534,0.9417,0.87474,0.94182,0.64522,1.09083,0.56195,0.82269,0.0005356,0.0005356,0.0005356
958,193225,1.10575,0.49605,0.82576,0.94172,0.87474,0.94185,0.64538,1.09082,0.56176,0.82267,0.0005257,0.0005257,0.0005257
959,193424,1.10481,0.49578,0.82554,0.94081,0.87517,0.94195,0.64538,1.09082,0.56167,0.82265,0.0005158,0.0005158,0.0005158
960,193627,1.09851,0.49102,0.82361,0.94129,0.87515,0.94196,0.6454,1.09081,0.56144,0.82263,0.0005059,0.0005059,0.0005059
961,193834,1.10409,0.4965,0.8243,0.94142,0.87515,0.94202,0.6455,1.09082,0.56139,0.82263,0.000496,0.000496,0.000496
962,194042,1.10341,0.494,0.82391,0.94145,0.87515,0.94202,0.64547,1.09081,0.5613,0.82263,0.0004861,0.0004861,0.0004861
963,194247,1.11118,0.49833,0.82409,0.94178,0.87488,0.94209,0.64541,1.09081,0.56112,0.82263,0.0004762,0.0004762,0.0004762
964,194452,1.1068,0.4939,0.82376,0.94201,0.87462,0.94213,0.64533,1.09082,0.56103,0.82264,0.0004663,0.0004663,0.0004663
965,194654,1.10025,0.49249,0.82458,0.942,0.87434,0.942,0.6455,1.0908,0.56093,0.82262,0.0004564,0.0004564,0.0004564
966,194862,1.10294,0.49371,0.8238,0.942,0.87434,0.94204,0.64548,1.09081,0.56083,0.82262,0.0004465,0.0004465,0.0004465
967,195062,1.10371,0.4944,0.82409,0.9421,0.8742,0.94209,0.64562,1.09078,0.56065,0.8226,0.0004366,0.0004366,0.0004366
968,195263,1.10243,0.49244,0.8234,0.942,0.87443,0.94209,0.64575,1.09078,0.56046,0.82262,0.0004267,0.0004267,0.0004267
969,195467,1.09698,0.49171,0.82617,0.94224,0.87387,0.94201,0.64561,1.09076,0.56033,0.82263,0.0004168,0.0004168,0.0004168
970,195666,1.09011,0.48747,0.82282,0.94211,0.87401,0.94198,0.64554,1.09073,0.56007,0.82262,0.0004069,0.0004069,0.0004069
971,195868,1.10179,0.49331,0.82446,0.94198,0.87406,0.94208,0.64559,1.09069,0.55983,0.82261,0.000397,0.000397,0.000397
972,196071,1.09914,0.49075,0.82499,0.94237,0.87359,0.94209,0.64557,1.09069,0.55967,0.82261,0.0003871,0.0003871,0.0003871
973,196271,1.09724,0.49137,0.82403,0.94277,0.87346,0.94209,0.64558,1.0907,0.55959,0.8226,0.0003772,0.0003772,0.0003772
974,196468,1.10212,0.49085,0.8238,0.94253,0.87352,0.94196,0.6456,1.0907,0.55938,0.82259,0.0003673,0.0003673,0.0003673
975,196671,1.10285,0.49087,0.82358,0.94281,0.87352,0.94199,0.64553,1.09071,0.55926,0.82259,0.0003574,0.0003574,0.0003574
976,196873,1.09382,0.48543,0.82261,0.94228,0.87365,0.94197,0.64561,1.09068,0.5592,0.82258,0.0003475,0.0003475,0.0003475
977,197080,1.09051,0.4864,0.82395,0.94192,0.87379,0.942,0.64551,1.09069,0.55902,0.82257,0.0003376,0.0003376,0.0003376
978,197282,1.09238,0.48903,0.82367,0.94191,0.87365,0.94202,0.64543,1.09066,0.55878,0.82256,0.0003277,0.0003277,0.0003277
979,197485,1.09616,0.48943,0.82456,0.94182,0.87367,0.94179,0.64548,1.09065,0.55857,0.82255,0.0003178,0.0003178,0.0003178
980,197687,1.0907,0.48659,0.82393,0.94129,0.8742,0.94182,0.64551,1.09064,0.55833,0.82254,0.0003079,0.0003079,0.0003079
981,197886,1.10298,0.49131,0.82341,0.94182,0.87374,0.9418,0.6456,1.09064,0.55818,0.82254,0.000298,0.000298,0.000298
982,198087,1.09558,0.48911,0.82262,0.94195,0.87357,0.94181,0.6456,1.09064,0.55813,0.82253,0.0002881,0.0002881,0.0002881
983,198286,1.09976,0.49003,0.82295,0.9421,0.8738,0.94199,0.6456,1.09063,0.558,0.82253,0.0002782,0.0002782,0.0002782
984,198489,1.09629,0.48873,0.82279,0.9421,0.87377,0.94198,0.64554,1.0906,0.55777,0.82252,0.0002683,0.0002683,0.0002683
985,198692,1.09386,0.48921,0.82272,0.94236,0.87357,0.94198,0.64563,1.09052,0.5575,0.82248,0.0002584,0.0002584,0.0002584
986,198892,1.09388,0.4879,0.82388,0.94129,0.8741,0.94194,0.6457,1.09048,0.55727,0.82247,0.0002485,0.0002485,0.0002485
987,199087,1.09333,0.48662,0.82254,0.94143,0.87411,0.94192,0.6457,1.09044,0.55703,0.82245,0.0002386,0.0002386,0.0002386
988,199293,1.08595,0.48654,0.82466,0.94131,0.87406,0.94191,0.64571,1.09039,0.5569,0.82242,0.0002287,0.0002287,0.0002287
989,199501,1.09018,0.48602,0.82344,0.94233,0.87379,0.94167,0.64572,1.09037,0.55683,0.82241,0.0002188,0.0002188,0.0002188
990,199700,1.09157,0.48664,0.82279,0.94212,0.87379,0.94162,0.64573,1.09034,0.55671,0.82241,0.0002089,0.0002089,0.0002089
991,199900,1.05839,0.48238,0.82183,0.94262,0.87318,0.94161,0.64572,1.09038,0.55662,0.82239,0.000199,0.000199,0.000199
992,200102,1.04982,0.47928,0.81984,0.94263,0.8733,0.9417,0.64592,1.09041,0.5565,0.82237,0.0001891,0.0001891,0.0001891
993,200302,1.04566,0.47358,0.81797,0.94262,0.87315,0.94155,0.64592,1.09038,0.5564,0.82234,0.0001792,0.0001792,0.0001792
994,200498,1.03913,0.4722,0.81724,0.94248,0.87297,0.94152,0.6459,1.09038,0.55629,0.8223,0.0001693,0.0001693,0.0001693
995,200701,1.03601,0.46666,0.81879,0.94173,0.87365,0.94174,0.64591,1.09038,0.55605,0.82228,0.0001594,0.0001594,0.0001594
996,200902,1.03977,0.47067,0.81714,0.94169,0.87388,0.9418,0.646,1.09039,0.55582,0.82226,0.0001495,0.0001495,0.0001495
997,201103,1.03305,0.4673,0.81961,0.94214,0.87352,0.94168,0.64599,1.0904,0.55559,0.82224,0.0001396,0.0001396,0.0001396
998,201300,1.03629,0.46645,0.82005,0.9418,0.87332,0.94146,0.64597,1.09046,0.5554,0.82224,0.0001297,0.0001297,0.0001297
999,201497,1.02964,0.46368,0.81844,0.94209,0.87354,0.94158,0.64608,1.09049,0.55518,0.82223,0.0001198,0.0001198,0.0001198
1000,201699,1.03355,0.46569,0.81759,0.94214,0.87325,0.94149,0.64606,1.09052,0.555,0.82222,0.0001099,0.0001099,0.0001099
